time,T_body,T_env,BMI,clothing,airflow
20.135083395018846,17.927074614861958,6.389594627920111,33.983224606213504,0.598539814589583,1
7.244219765223309,30.989349675047457,7.359034076867225,32.61781792125457,0.061844905075468026,1
15.370982819721085,33.06677977579425,11.392033201022187,28.15343710565279,0.9381694512146433,0
1.9079761533790904,36.7226456272748,21.27707484506944,28.31199658416353,0.11205654229046869,0
7.275836227106474,36.66278060415778,34.57811087726083,30.407993243946258,0.9008309040687104,1
2.7355834675277766,37.271349597986706,7.979958530052147,21.978602342491286,0.2968372340001786,0
17.108484453268424,23.71936330770129,19.105323200753464,19.541801826622333,0.6617974207344742,1
22.303276845437182,28.933781684355257,12.497750203357871,25.355311109153366,0.7776197742876845,0
9.694590200170179,36.22420306010497,32.17370739574359,20.395040196986347,0.46524714848350934,0
2.660654154091943,36.098904382727795,15.853274714471903,26.865543978514445,0.2048078455031659,1
4.265134430347366,34.03820518167378,9.01026198716569,21.159937836298706,0.5599322805821283,0
21.06112116809402,29.72154444927508,22.918930129483343,27.1159024016126,0.2275681220060468,0
13.105720715117743,36.54905541704291,34.38590944278289,31.15190790347104,0.5674582442503489,0
13.446073776654991,21.11057958235125,8.728207585645519,27.48146316065974,0.470847582720486,1
17.639607751440437,18.535340069461032,6.034494074007843,19.362981607289306,0.14819815045693852,0
0.32891437639174015,36.648187383104535,6.1789446112925965,18.691420020917768,0.8164753591093077,1
23.341866715510044,18.20252540262058,11.642848500396154,19.767528473132508,0.9690114440353806,1
10.387830003587029,22.383687189866343,10.119259223016533,20.361157728367743,0.4823289385786772,1
3.5651974579459837,34.54868518223024,17.50907490211373,34.02269720520614,0.3731967917725941,1
9.496734405418444,25.07247018433571,4.354327885554922,21.473966155109576,0.17630996111578923,0
5.033911884584966,35.533895474802996,15.452064181593492,32.0991814494846,0.6528189494414305,1
20.081917059639068,17.834519953966666,6.0032909011217965,22.22093209884448,0.26891669168071386,0
13.268088143755428,22.561344981403078,17.22208262670794,19.075915412331096,0.2808721265150145,1
18.99918044121397,29.841164560927783,28.484056273532758,20.278966803948062,0.019970757767865832,1
2.66577951350639,34.56230802138168,13.237322957425445,22.94920613556309,0.28518451125611943,1
13.531914832248665,36.79346104856288,33.47782250412248,33.93231755164411,0.5636139111062098,0
4.432616874022148,37.46983773348064,21.722256643869677,26.347593625485516,0.7647953669743537,1
8.644401191873573,34.797008235074884,16.435775631037913,19.586254873312484,0.9700263353147394,0
7.462326693182255,32.32577214337863,22.93751121430467,23.263768107045458,0.10739119391933383,1
18.65736789843003,33.76067793199587,29.870337995054506,25.635594518881568,0.4696336561852944,0
8.310249464871479,32.80237287021652,5.3980587749672635,19.507205714344227,0.7414173251840481,0
1.4069659377226582,37.768699674205834,28.066963764155926,20.883832023911967,0.20396930325515727,0
5.081766759229223,30.41684737236275,1.274025943802506,25.055207625140586,0.18199997423078207,1
0.26534872890630545,37.76344913661737,17.70782088204063,20.891272843358372,0.765247143109048,0
20.283999994002606,26.255588278947947,4.761526834465856,29.907452285417307,0.4112090809671972,0
10.156140814606914,34.34692713401367,28.265215990636655,29.90968572154707,0.8364380810218796,1
0.04751840301499666,36.889268414115556,19.49188909212999,29.95214562352157,0.3879879672908265,1
6.904555100955358,34.03050134261917,14.914340861514535,24.811053816277862,0.6242152650167435,0
18.3382196737176,21.60242046953745,16.226859725305253,21.235501185802665,0.6295546631861012,1
22.226637797522308,30.870487721989416,21.559636457174847,24.502965625043693,0.784570259895261,0
21.350195335677135,22.511863775533048,15.929462219660769,31.82154122021982,0.37655193234064854,1
9.842423060126057,31.191038918468767,17.12120228644699,32.34553040978377,0.48230242280407054,1
9.403306355235184,33.769452722947825,10.813645092883954,22.852224752761806,0.8442138148965355,0
1.5805191673369547,37.49910317559477,3.6000450039678524,32.204700678080485,0.7547142443438126,0
21.465071217414394,25.767164416582066,24.026893230667397,20.62248971844719,0.19561033716152165,1
5.157326891395082,33.45607081890777,0.8656344698149682,19.841786439820616,0.80025667492087,0
3.313311261336499,37.53281086846098,12.49272330561584,26.12591998924203,0.34302149861955733,0
11.339400657752178,29.289295602718664,12.480618497751653,19.357211188154974,0.507719818929393,0
8.733867648036163,36.04591994710589,27.19175066057955,22.381636148868797,0.8491713778497312,0
19.394585038166543,32.512536976993985,5.3431496660630975,34.40050734690446,0.62892010081316,0
1.919500625245723,37.38473505979284,24.176182505203013,28.295546259615477,0.6822876078722235,0
23.953974200730276,25.921898267466112,15.525907252722533,21.867477854564846,0.6710813169711841,0
1.7059755575484052,37.55866701572354,16.430776042236918,30.319815482310627,0.5140692558996289,1
9.6641314930988,34.7087314442586,27.98773565149417,20.647721493440443,0.5685327984883417,0
12.441537159489396,26.352184630243165,10.811164616479195,34.7320531738674,0.6855879124162868,1
5.5747671002838235,36.677525736710194,33.35643858819723,18.745536536668226,0.01020210289252943,0
13.726889565169968,16.00251902188621,2.384968806621508,28.300539248353473,0.5625983712131095,1
20.54116842957799,18.50628861864912,13.759498251460228,27.017121484064262,0.03457405739908892,1
20.824191725950563,34.34106484182942,32.69742097441762,18.591720235276764,0.30544898910665286,0
15.72955960075597,35.30966834750241,34.70080885776948,27.949009590269032,0.26497886775000756,1
11.434532408186747,23.785504511276805,6.397639971142858,27.09643960797274,0.8826248571779072,1
14.661513721243,17.62959153041721,10.917096018248216,21.691761625330646,0.028179159784916363,1
3.075146449697474,32.388967294717546,2.787434321693877,23.084945144184587,0.7410904863932164,1
18.128558407162696,27.298062530579962,7.444261531057091,32.56138899547385,0.16309260861155006,0
5.838396475208125,35.9327248231958,31.264085008023315,20.089427117364934,0.8936306234675002,0
21.086100731982185,36.10784366724912,29.40611329565145,28.949665718767,0.8286480227988297,0
8.771836101997529,36.547488067188006,34.549028351899615,32.18990901362516,0.4740990937197068,0
7.720429577897773,24.03889476025005,4.120374366775204,24.457045605281237,0.7477520471883959,1
8.050490507953967,32.57799177704952,26.16115184975307,22.60856894654789,0.6704412829779031,1
5.523305469897684,36.294976551350075,32.08829613469666,25.088864202000657,0.933304830438393,0
23.604603361567438,26.97296682502614,20.32649225888333,29.713003317895755,0.05064612102125676,0
19.73934606637818,19.708511898728315,2.4404951994594763,30.19801608625059,0.1479884770118065,0
19.775881738937315,11.885794976782577,1.0116114209049332,28.715805568932502,0.6346248608980778,1
19.19611656281613,23.059426569036532,9.823066860877622,22.226722252501403,0.4728438750488755,0
23.808596411585278,30.46798320646517,24.223490375562385,28.72507570448262,0.3129002985701661,0
7.5996368354979955,32.357361454701994,13.83715155611211,33.530204030436735,0.006791148648297329,0
7.949793266967772,35.1588553653753,31.040421517021937,28.336458351940568,0.22710840814930344,1
21.33866473992166,27.367013925632257,24.126756268512114,29.503958919395266,0.5103153246046156,1
21.503405160712877,12.168662445658594,2.332224947566699,28.10561856623878,0.7177172304451466,1
12.310925995648223,25.073498451610266,15.496494525244003,26.232276865101177,0.44166172331597664,1
1.7078340889841073,37.30043202637684,20.890807214288884,31.853998609829343,0.6646694042071762,0
22.342826420150374,32.39242268823544,30.13343130947285,25.785951423047024,0.8872234536011585,1
11.506471850950838,32.27657333189988,11.837736533912143,23.980133631142756,0.7865866258713448,0
9.408003944792224,28.691051669652975,8.90886068208122,24.86016335008909,0.5564061393326937,1
20.560291486765014,16.259173107080873,13.23205034756452,19.69643507345195,0.01789432678974312,1
2.73659891581309,34.01866399676353,2.4313798733182868,22.0905546565953,0.45796378013389905,0
23.456205874048145,20.149851714682494,17.79878433338935,23.82032584468222,0.15017401062308056,1
20.977358228513786,33.41692077265534,31.65726511870708,23.145370677848106,0.04734377170650195,0
9.952442745003216,33.32874782197846,27.462568746153266,22.430471791311064,0.1398651799445937,0
8.3755995531164,31.60830150546093,25.42843789746472,26.263663143341454,0.24867882066268798,1
16.65382168108551,29.71415452375608,25.866220229872695,30.95473579713541,0.31114835175627287,1
16.929501164116775,30.248539929445016,25.61226717881417,34.68192870896172,0.42155068530979234,1
7.024693006542276,36.16258790881679,20.541163090068725,34.22903863301504,0.9467861622617783,0
1.7935187192394828,37.04758873653129,11.433313477998405,22.016626187656584,0.11483374109704603,1
20.60242417387127,26.301934117777616,23.014579291080054,28.971952502402587,0.44843948726525207,1
3.709914420267866,37.342532476594386,16.64649442038421,29.288381006899456,0.6480039114062406,0
22.192914219161832,27.130446176696154,13.165193407082047,25.642194458420594,0.6235603168811157,0
23.27065342764611,10.35064391668074,3.518654967674797,20.055134040286497,0.9167245487941662,1
13.57626525023677,33.69904825988861,7.248655502423435,30.294263989545215,0.7511793197315589,0
17.260255679799993,35.02644795473474,30.599069992839112,27.406463563413595,0.34875681791811874,0
5.61283000735066,36.013073014059664,32.418917829992075,21.707118944630725,0.5129852691360264,1
16.906088127029527,17.713437983057215,11.384766804625496,29.534008497965957,0.07262091533178316,1
3.436988699016988,35.000762560022395,6.028266693007765,28.13951095691599,0.5680163255282468,0
2.4364401609983517,35.54707285241997,8.5766410183203,26.27078958850594,0.26352283125618403,0
15.246082569269515,35.05399149478007,31.783804260539604,21.21358654508375,0.571845111472079,0
16.717322108510064,36.31833735220086,34.70668930115936,31.871712700159158,0.9491663393112914,1
13.121755635733095,29.09410070048688,19.0869442497835,25.59012268759973,0.1959608966852373,0
0.6317919936733061,36.719496065033546,14.059268653278046,21.663305066112844,0.2504985876690634,1
20.189372335346093,22.177706314683537,16.153163204558865,26.876712249770303,0.5808430886221881,1
20.248807641144303,26.992579746658215,5.974053072114291,27.464170578716868,0.6529411767270799,0
21.800673496584665,25.67861217313791,20.82322976245747,21.503813350035085,0.21617264272820846,0
20.70246100864083,27.826905965735573,24.76254947391733,33.03952530666304,0.3021871089159883,1
11.88217825507323,23.604259024575754,2.639925483473417,20.959712263083617,0.4617917308911871,0
3.016003818689648,36.93603812650925,30.619076130846537,29.994990220844535,0.2186194235758735,0
5.810563970523527,33.878876950866854,15.759753992331545,30.329969519767207,0.1108189970861756,0
2.2815509455408884,36.49488388020444,33.128732329687125,23.584690168562815,0.9212986342015388,1
12.111792145886934,27.508221785061654,3.337703369645953,29.61846246999827,0.1629151684526603,0
11.614849855349878,36.309889029632906,32.862580642267005,27.347515271523267,0.7363050001338974,0
6.923371875986555,32.36795738186862,16.09015247917806,18.3542043655988,0.20545779298957845,0
12.816388721555022,21.94279200784644,8.905725037625256,31.98481330315603,0.1803012168674506,1
5.469992871113082,36.92052599725708,13.22271317226293,30.481259248578574,0.7129138728713669,0
3.6453060230181977,35.52623327653767,23.7384314661347,33.985882872532535,0.5959622820704813,1
13.487901052727448,34.41676351308219,11.285785222051055,30.371975422109024,0.7416171830585527,0
7.716053587121658,35.2198486245192,20.210506123964254,31.05787757635431,0.5901558401076891,0
4.613201348060115,37.097036817224684,33.39271307991976,28.70115212275767,0.33309430501861825,1
20.495643807867562,27.210648699667804,5.0038758449545,22.83643443176345,0.9540553127919211,0
20.163740669755335,24.712977849156623,16.97599363577784,29.621566244329458,0.7685841051054028,1
13.007315269237896,21.298098655029268,5.293977550001055,28.6546003379814,0.3048264923600158,1
17.39119214390229,35.43047978668411,31.60194529757471,31.911453591085376,0.24269195502798835,0
23.203044985660462,30.23302053301519,25.6920657286922,21.09053668790878,0.5716434986707178,0
14.06170355886826,30.86009972625274,28.04625256012259,21.06521034596478,0.6086670224767975,1
8.232053481910661,26.85138199729895,18.7652595534738,19.73338337284831,0.224937101901036,1
7.990162229959985,37.523039501117495,34.6115507530535,33.2334627263088,0.9424026775449126,0
11.84592576949335,33.63754166161393,20.845408559478315,24.681969951459372,0.5660732612727082,0
19.59987589873221,30.284140923442642,27.583210302870086,32.71780443647385,0.2529594321532296,1
19.516597925331098,29.716116969484897,21.042073230851507,29.463380632399105,0.2601946239596453,0
16.034766380288634,20.69584556698536,0.4220684020477711,28.153992088538068,0.13346345121289593,0
23.28252385943298,16.520958802242514,3.563457368156817,28.09905893725381,0.030209041955621907,0
23.974860768618534,32.80236864016404,14.982887518091822,29.11840144140134,0.8149658517381388,0
19.0228370262996,27.136671211151093,21.648910056031113,20.84169849865453,0.9663120669952975,1
22.428836010983918,25.696665219960646,0.6680150416930569,33.23463790695468,0.32648361835388984,0
6.241824236162665,32.101030732039305,15.236707748489268,23.92913231243129,0.6320270976985951,1
1.7484231898505325,37.01540079677642,22.31898341290035,21.79137883251201,0.6798312871980715,1
5.535022058667702,37.48727504875554,3.5554270680605575,32.874071853831296,0.6709251245350407,0
9.19560787081589,32.75350729009996,10.627288689059158,30.678021261910825,0.23007414352212952,0
18.3456117629399,28.588070519286116,25.828256281125384,31.03369558699577,0.05349175555131891,1
0.4501533498320285,36.34834651038164,2.6017788525926067,26.58171172719043,0.1308446869726625,0
16.986449427247642,32.528398774953814,7.174626830649204,32.14880309413921,0.570470503440618,0
22.89703476673149,35.483485153212776,33.91535149633387,19.81600402696007,0.7493497662306663,0
16.526854580199988,18.529209602741336,1.460745110814784,28.695901069044535,0.9282946706805287,1
7.12866331619227,34.559442969640244,11.080613491554312,22.26916842856022,0.8214702846722071,0
9.549250054306984,22.39823256936,4.236457175159691,33.62787135795662,0.061075616262092125,1
23.956146953570133,30.97293471309028,23.697884672526463,34.53818817840697,0.9878667938073178,1
1.0227530334736032,37.86719086944229,26.49725776169706,22.25194695669115,0.8869878412191976,1
13.47452707799983,27.72250469291993,21.162485278173754,26.164066606591483,0.5021530427394406,1
22.579779242190618,28.04945089819183,26.96366839334918,20.370474475546285,0.028612343052141664,1
22.74656336318916,31.002305304591452,29.608029038582806,31.6054546605177,0.1833710620675244,1
11.468421566419465,26.96860725455848,19.217828750867312,26.70957824669597,0.3126891282517582,1
3.6908895875076,31.659083604642955,8.64124196346807,19.993201049995093,0.7615222821181564,1
9.073310863004446,20.22011199254301,0.42173033736204346,18.20883003630386,0.014301997567831681,1
23.68371510819651,35.76713282582091,31.977127466605797,22.085219254300824,0.9295620706093212,0
19.97333636066315,34.60120979540999,19.688119548739085,28.674070866512043,0.8703652222747272,0
14.79203967985606,24.184199292446372,15.049642319293094,29.180751072155005,0.11215936353217426,1
1.611484763638865,36.30069442678793,7.604290409465545,27.276533622460043,0.7871861156027705,1
6.455322704283862,29.69543432336499,13.12259403573599,20.893037926674673,0.3592690571087175,1
14.688961195338807,32.65475087338075,25.432724843725016,24.449347660413597,0.14559583793334574,0
12.163671001166978,29.660885568661296,14.68918683718511,22.036707923340927,0.5480425954675152,0
13.174381035811713,35.30364145670749,29.31037190700928,33.51109055076832,0.2956404396731769,0
8.406833190691561,33.162028331384306,21.82435749918412,26.262552191742515,0.4209017150070038,0
12.10414588304047,27.300662681851637,15.38102362831203,22.74979284937999,0.04051402140581828,0
22.443350698262392,36.086305323649796,34.573964152902334,24.19920964438006,0.2703210631852593,0
10.83947268499428,30.417078868317326,2.9899855549873964,30.78507169244096,0.25504178232933994,0
9.09059326625778,35.74156072369217,34.089622843976656,27.695159338514284,0.0318730763070999,1
2.526591899566764,36.67824892125173,32.5303762100194,29.226269588532695,0.3371239861185975,0
10.601801179766206,28.63711384484898,15.564013463272328,23.323594004349,0.22486700301216456,0
10.122950312913142,27.662059685027316,15.559557199025845,20.365351986759144,0.10519954394395692,0
17.494187353003603,35.39944884885974,31.28658153448469,22.893639092395798,0.7604949085407265,0
7.308483201300758,33.66637938813605,10.395505994356887,23.557914928148122,0.7450207009099916,0
7.652182558067814,35.80663503696964,13.252098993812258,31.07292271455016,0.5695311870020172,0
15.81243795845349,34.10260309825571,32.82903638357633,20.808964943267558,0.4932055723166533,1
0.4785488610154829,36.57025522528263,10.779621270074713,25.498876911535003,0.5486525596802493,1
17.041140902171076,21.55681203568623,11.352232725250927,33.079696243777725,0.4575213739317622,1
7.465007588726175,25.700314044380143,3.320233569551701,20.73412066867897,0.8114897582618303,1
15.855417339496562,18.53289199013079,5.7782509815966785,23.75146742036752,0.9680822028907277,1
5.338803803577771,36.0065850868223,31.77405845265218,21.132720025494358,0.27880864849837284,0
7.814680494934543,34.946276210034284,24.656050259522267,27.636176619816766,0.013653242313088287,0
8.080338833000738,35.80842790180753,32.76252056070134,25.55277052011514,0.636146469667951,1
5.007814935145189,36.52880662363228,30.63475099339382,28.300944560708537,0.27618206058868733,0
8.764060939230728,36.920594131724805,29.590601756609477,32.67738529966281,0.9330936832947331,0
22.10505354550911,12.657253732683529,2.8448733280283656,19.002304570462396,0.16316918541989456,0
21.054092857994632,24.71651951383472,11.83588204488131,20.317162827180134,0.6788889818323668,0
19.511016932556835,20.670134748394407,17.586818995536944,21.49923904893423,0.16380203366167712,1
5.76381658376946,32.88656550272997,18.922297170612083,21.35969364164744,0.5430904112230223,1
4.619779200976157,34.68913590050453,11.754982078542842,24.587571400553326,0.4940691975272611,0
0.406496060334141,36.589322859999506,34.271891225214176,27.97931014980372,0.8598754707791317,1
5.487931253586804,34.368421729174685,19.407520221875654,22.78507899083164,0.538286289221442,1
15.097142141188566,31.717609712475248,28.998142222426473,32.486224928440244,0.07018714484616162,1
3.2077236486391927,34.60240723754079,5.351166599928492,25.69325315300724,0.44080264169155436,0
17.08787273631521,12.440708730852853,0.7134397266800246,26.92467499971907,0.3654119672033357,1
1.8622009768359549,36.84021091567069,24.550693150567305,24.396057480250892,0.3735298162082281,1
18.07116496849934,32.93363829424151,29.049152634629717,23.235430028161986,0.3759028894571341,0
3.1821691693429326,37.52700635491983,20.75851773827024,19.12561904234593,0.5096680794304913,1
5.100837922280037,33.90691901556792,17.034900327034293,30.674370022936635,0.8600782413157543,1
4.691847867980813,33.603527701706135,5.7849521848730925,33.67935589069098,0.37610468503473826,1
22.190889968858286,16.730856839331842,3.650775302293039,32.16758357232885,0.8188307043825104,1
23.47399541700304,23.392603127189705,21.327279281033828,22.16230428621682,0.1659223210525438,1
9.914873820798741,36.175064451595425,28.244790389913835,34.24866640381926,0.3161640308439875,0
14.978197817364952,28.298776383429797,23.016455353497975,34.005977089435476,0.016251634353518174,1
5.226615319358255,36.847714714918986,29.06763040655122,24.360283510777386,0.7141574546593383,0
2.2918238565564124,35.26808240523607,4.593175690225131,28.850807331354417,0.6042515595753847,1
22.619829204512616,21.612609719785244,13.11158131804083,28.524571812580767,0.9844006985126121,1
4.748754723569347,36.65071992253554,14.542645471568385,30.547820097189117,0.5968503321215937,0
1.7216129033036491,37.67796002085989,9.488455804405014,20.743632488740825,0.7016542825726821,0
0.479270895914766,36.856351179580166,10.309237402682847,18.464757785316618,0.1852192091176107,1
8.864477451386886,31.35163652355006,4.387789049799222,26.396363116324338,0.30693718917488466,0
15.182546207096346,32.47075294016167,27.058023182586005,32.02459275640776,0.6000673088362941,1
19.22109242540076,22.45766129989365,13.88670742261272,33.516907616673684,0.37270517971825656,1
15.889877352608217,29.106615205617423,22.398723407013126,24.31871485606296,0.23350768540036804,0
18.38944104847168,27.68772755670852,23.64331427853524,24.83213871397634,0.5089028056450838,1
23.85693052507436,32.676477781399704,31.549144673162335,22.28510895606461,0.7113274234636812,1
1.643218480270698,37.18090523393859,5.000323308342494,26.32285977100574,0.4454480346683928,0
7.644409912501542,32.499273964125706,13.17593751935486,29.50865370313794,0.6096867033913329,1
14.01840028045249,33.34080162183266,31.104268416872603,30.401784430988798,0.5919399172518883,1
16.57805888043363,25.26674392756825,11.21832235967155,26.010482830108856,0.25445856043553605,0
22.22034597901581,20.739281171581762,18.34511252743908,21.052800152756916,0.1967490516845244,1
18.761673521186403,21.04992130299952,14.537766151326888,26.690274803251413,0.27394713583878405,1
13.692358486533701,34.54471183006538,6.784595848322101,27.96949124277474,0.8912894280940605,0
20.2598081041803,32.847984761498125,31.912924598058435,27.73312591884055,0.3413346434725133,1
11.530832089714835,34.27383045712741,27.93702859000377,24.847283339935245,0.2250022477630026,0
4.436360067811025,27.32516101490612,4.689875297753323,20.432860870996695,0.5039405363509124,1
1.779732087125356,37.674055800335516,24.227711021879017,32.196347161456714,0.39707621003186866,0
6.350712668733495,34.16340588560328,10.743911589336625,27.753419704236848,0.4222201201531772,0
4.3958074528908,35.85914398581777,16.010979563051453,29.136790467960772,0.4448974381455636,1
3.2731245499891415,35.13795129201439,7.5135564668989465,19.659775823173337,0.16111707077804982,1
3.1534427520682753,37.10531129125434,33.08648452248022,30.17800913812077,0.7714369665900137,0
16.958370903708595,31.95677873808907,1.5766293637052535,34.064252843378114,0.4616413683436025,0
13.173847125035149,19.595127573013038,5.910278819643988,27.693884827810212,0.047762325972099284,1
2.407625194166176,36.35261072560604,25.767962581974274,24.50548816533346,0.1947023529934937,0
18.680409078884278,21.273333325277612,18.474992645088722,20.353937975020997,0.1570486448569649,1
2.5940369595148853,37.05912339438557,10.08946478638444,22.85636001435744,0.966197741056721,0
3.759249845250369,35.35276890510826,27.503782322055944,21.151336549608224,0.2159146051480697,1
8.151172913062773,28.297923102753373,8.4184687217823,28.354531972376567,0.8664458387192006,1
18.52613556161397,19.330216585589493,13.494826567124072,25.78507131619167,0.1545619160344276,1
5.456417998294118,36.51616656501168,21.35749772344407,22.55308412129899,0.9543829234653549,0
16.518983534922775,20.80452752654198,16.506455112737065,18.766347809791277,0.34885751993138925,1
13.922821974640826,28.063512662546795,18.666339023844106,32.6682928218429,0.29706297887869226,1
19.940271454157028,19.50802899980807,14.89421011058678,22.356345325113026,0.5658656692244076,1
5.665715376312405,35.989300179056926,13.265642360124364,21.77192535802953,0.7540501348476188,0
18.70647168969402,30.33238740492932,18.15940191201653,25.159897682691856,0.585676680720714,0
0.41293590282659487,36.21753110449377,1.5898148488975887,18.34555029554641,0.6435881411007957,0
15.585602445538157,27.76002433014165,21.15716677276681,20.786697602371536,0.01428413665795114,0
6.461444270272937,36.34161579479602,29.115014421828338,25.709477376087428,0.6373999475720528,0
0.23070044049244043,36.83642966615127,18.49365615509759,19.79375319845864,0.13909521287034843,1
19.157902080997943,25.648036300581868,20.723394294174035,19.29164698655013,0.06485850942514171,0
16.45405218588028,25.695250157334165,9.093226035445607,22.567176439802225,0.5597276844214327,0
12.104163798515215,35.22441978238127,33.285021280300064,25.564709027480767,0.1422813417864217,0
22.081301553605684,25.503219104634567,13.300184779147044,22.528443267573998,0.7135533624608302,0
8.720846278639254,27.166911817773254,13.72703992319584,29.591178958311367,0.0660241531859379,1
9.829614156198758,24.010021482352435,0.4940878465129428,32.7131136302478,0.3084225749516093,1
9.663500689847112,33.05510140453782,13.643658540305287,28.92625982333329,0.5271908619099446,0
7.223698919315457,34.39073376673797,1.5846516349169326,23.244936433972335,0.6594617995281511,0
0.4511367278796472,37.80928848204413,19.929970841981476,23.94837897018757,0.7256301307864748,0
10.844834629555365,34.87697985144733,31.706591304255934,30.203337698802336,0.6014817292043324,1
15.191845306527423,33.374238596047924,29.933002858553966,34.76548077550773,0.28484536819782347,1
8.89326600309722,26.43948094490993,2.217207966856323,33.51831047446748,0.7626869103429118,1
15.189907419972663,26.80064928763218,16.819879128868415,33.67952936503176,0.7178768353581252,1
4.576690378949664,32.059651538894954,4.841448692996842,27.579360002963135,0.1230764785950299,1
16.24051096685599,35.65448248256983,25.789890967672385,27.076915462697492,0.7997245375714839,0
4.3752247569628135,35.44671799558918,0.9860162640778014,18.27597682612282,0.3802205133398112,1
6.403571194855313,26.88548336201057,4.569060365173374,23.971758052778714,0.35218492275007984,1
16.084871216567887,35.983132349659066,33.10119467941995,24.099631193345445,0.5939132144292943,0
0.8329936101359223,36.871167821948475,31.085128179955653,34.28051633449223,0.9350812326950251,0
4.1394025887545345,27.86554957532187,1.3241500584387116,19.79950288832557,0.2357984171627352,1
16.162204190075293,32.78275760836052,27.30647451418144,19.158164747651124,0.5890937479009954,0
20.981003322725098,33.734655051866966,18.10731715979271,32.79794597612849,0.7893500417915225,0
4.0991656303453246,36.777356513335974,19.444210773402386,29.147815290115737,0.5640256918081995,0
7.424027674561829,34.271269925859684,26.139867653310855,29.86053642733721,0.8916865234718842,1
18.695471010790598,18.818713342794165,11.798263310602794,30.30397687052412,0.09803479905320245,1
19.916328223372545,34.03345413298014,27.380070505711622,23.258859123181267,0.9449680338006403,0
9.702174152560119,33.26432192208706,26.666767740934265,26.527628967225944,0.3261758780161431,1
12.203690781821596,33.64284123684615,31.456882873027585,20.750377160219145,0.29123259288042525,1
15.822304988508733,31.398055707294933,15.788410777027282,26.56076415747294,0.7132178578864354,0
16.808365924702148,33.20842817952963,19.246559370241574,33.748426974620486,0.40263666627143024,0
23.98110665456737,20.75097963424081,3.4730787169257042,31.285627197203148,0.15236136782415755,0
17.708218627781854,12.267342481655636,2.3479429954577666,27.595265774891192,0.4131899059918551,1
21.575269537183278,27.693691917950567,23.203130352611023,26.2639779734632,0.05170906081829896,0
5.847019030051958,34.9284525943976,0.7267876277015378,26.813339162577698,0.7235695501916162,0
1.7702287983051521,36.87934940009282,33.91235666194164,24.40194919028015,0.21045201041934902,0
10.817892443303853,24.94548369532484,3.3298150515941765,25.30768067916277,0.899405193841832,1
11.588510610811426,31.933707942373594,19.969947342928585,31.37691854643748,0.9171267400715419,1
17.018785041390093,9.858948350295343,2.9877890148750375,18.76841613276485,0.016245352823384906,1
0.7137151389323657,37.47620437166071,14.19715232474717,24.442133714179963,0.04297736938620211,1
21.035912494181822,22.06479064012743,7.246169185924996,24.251951938103815,0.5293135818885095,0
21.983323899133307,34.01186141662997,25.854366642816366,30.852931391944153,0.5831554563574552,0
21.52381665191623,21.14650236455757,10.068187166075404,21.666492884460993,0.45185076498985044,0
17.220726905556877,34.08436770271547,30.16398205082857,32.60324242894349,0.7157566206624156,1
4.748321243153342,33.27624503512053,20.06611637873617,30.707790781004327,0.7121475929099136,1
11.18230246436137,28.672101472727576,14.664684518658435,24.45357806977801,0.8011069676265962,1
9.677402702493705,31.576512082147563,19.204690470726508,22.42415326610974,0.5203849981761499,0
15.096152844299166,35.412750350270066,33.03513672892296,20.694294038783095,0.4032251012823622,0
10.965908111747375,21.2895624057176,12.21628549437446,25.9320417746716,0.05421692929918909,1
9.072765381537621,31.218460722097483,18.64612559647108,26.65661668139434,0.6758535722150655,1
12.434862120842169,29.456568432120527,17.75789816123087,33.66350571813646,0.5706173135260014,1
2.337142097782647,38.02486795918329,31.113488912091533,31.326639819966157,0.9551657613363681,1
12.708351158875349,29.653759238159758,25.519379452855844,28.219478931415427,0.007726043750339584,1
21.96316818508761,13.300538272612673,8.08278173682556,23.06157098099895,0.6118702559700967,1
11.058675299197951,24.216535778915517,11.883960534522528,29.387735249655787,0.009616132012905898,1
12.71808062970937,35.468575426934294,30.56586715451977,29.779524130807737,0.4049850594603407,0
21.027781255833908,12.799359942144696,0.3201324318463572,26.44513489381505,0.919934413378293,1
18.344725236328205,20.129193562884165,12.979743151491233,25.70947549232006,0.4452455778450939,1
8.707035618989515,34.67435341775053,30.01908682336813,29.312043722633568,0.7218783341007949,1
15.099944667472364,29.166113335195888,22.643199208753806,20.02526331021029,0.38748887054931536,0
2.796444539432975,36.22512868011628,1.8857857625671652,21.48424375318993,0.8945789502712144,1
14.757010692295989,28.271832622275625,17.09079447671195,26.75433173808421,0.01612944724270926,0
15.16026155650471,28.446802214589272,5.104669775480045,34.963809154216065,0.1323020973911433,0
17.98757031362863,35.960813168251036,27.676110606140416,30.908330163695695,0.9079884421391321,0
22.256429410320106,30.22942888738796,15.051127754572594,30.183279907724373,0.4993483466648405,0
8.168046118145824,36.12560039143665,33.982521667624766,33.601321292905524,0.8363053075447922,1
11.252967832148158,23.576913710521058,1.1139370274104148,18.884635932284485,0.6318687718288553,0
14.418395697396,28.533932009025854,15.696429267719076,21.685268893196824,0.5814539213864743,0
5.397583062442699,35.64556163962904,29.605004403064772,20.585854523567516,0.10752841922204626,0
4.958167323190676,34.64029628385139,10.807030088133459,30.82883561470091,0.4234472029064942,1
9.319404794248488,36.50942504473794,26.457219476034616,31.445844301999337,0.6417987195366449,0
19.4161826239677,10.275117560628933,4.596778108255001,19.294281865397718,0.3752268941770772,1
11.581013142135447,35.434337826938055,28.258011960268945,32.79940095480171,0.12181702021005014,0
0.05607994037187858,37.199598533719026,28.261293924303157,24.605936434898997,0.47237755161557593,0
4.336980738117408,35.08113036646826,3.007556940145059,21.57990991981555,0.4797372956879118,1
18.607702738137277,33.36612266811388,28.767844804151476,29.14206644095573,0.2865673673607311,0
0.7841815888544028,36.699264767867675,13.915597758381844,34.2097600212683,0.7537185624805585,0
23.098260514709228,33.019934125447,32.069014834967184,31.23489348405711,0.17830848134728816,1
19.659416175491515,25.371046990025825,14.64714685027267,27.0440685455996,0.08240688763985504,0
19.16839967774755,19.834717659623905,0.4284888743013404,30.233568825460758,0.1614506999215437,0
6.5986677863946035,33.90344572387409,14.253057928705422,30.14016321079981,0.7860633717658203,1
0.707574738676982,37.335440757348096,8.393501879954751,24.76739404971004,0.7509405787994279,1
6.7148955462699,33.07062433314418,13.152751218672337,34.01207405432882,0.5237679781655418,1
6.535051237382466,33.18973511994245,15.685447528952169,32.43385794207333,0.8781582138865529,1
21.153878081249584,25.392517344599508,17.99803443039207,23.90099961850739,0.19576240355452745,0
7.920862545286517,35.40172989444191,27.64462313131904,18.238672193348243,0.051425822085532036,0
0.7199213159982332,37.64926935218582,9.679907334731121,29.622992891502278,0.7927274393649875,1
20.372240253010624,27.75883966840064,24.746089528630595,27.40545486815828,0.3024906656549904,1
14.02722139543292,14.759627984947803,3.083686525198212,23.89987452834233,0.21465551768308755,1
6.808544980449487,27.206812700684583,9.992754128785261,18.213717774203623,0.6374332215510752,1
3.7980954080550378,36.96992749403283,1.2034759627937515,26.401686859894937,0.6397678923982631,0
1.2227342724386663,37.73990628957844,18.912847219587224,28.45975512141877,0.40921203578452203,0
3.1750171402625167,29.90333587859735,1.8160964946872489,32.45271168521843,0.3063341207214936,1
17.333103944474306,33.86708509898568,20.657092279097043,27.208241721771664,0.764224492929675,0
11.132895306478794,33.75967858949393,25.42343971515814,25.626731309639702,0.31690557487259297,0
22.01757296150939,18.380125104736603,14.925146437208427,23.068624774019455,0.38200963413380284,1
1.26379620128598,36.52129772843013,2.320800243200976,24.458277569062595,0.4983672983649162,0
21.526588814401354,17.1079339826689,8.661703055995865,27.64179139145537,0.6758959706172176,1
19.951462510214718,19.407336958178817,14.323177031984477,19.9599326341963,0.8799795778215859,1
3.3203926522468947,36.88587823993226,29.750403217023447,27.31846802040689,0.1109688548930613,1
21.880140045123184,27.89487048472841,20.743917682702662,31.518467910099197,0.897103530309676,1
15.902610958504528,32.342915252916406,2.9636176248326733,34.894790682378,0.9298035193442874,0
12.568125893048563,28.970005308807515,5.2363691509338155,30.331720399083927,0.17630216557893486,0
2.5537181252654264,37.73143744013464,24.72893572719807,33.32213447066404,0.4817668690492468,0
10.327685013906128,35.888055222896774,1.970708439567617,33.30054849788441,0.9189653638327607,0
9.548588254821002,35.15355213050158,22.974960578316885,32.97326495209995,0.2052215302252668,0
14.672141532883707,32.52686840772898,29.013508418386362,24.164023995591304,0.5142782864956364,1
0.27069993419309757,37.6564297593839,6.429012717665022,27.239025960669267,0.17939572140159488,1
4.636221303498906,36.710787496873465,7.786757541976447,29.090405952941417,0.9708081459362266,0
21.01744008127146,16.577258631604902,3.206103031526757,18.285447685334013,0.5139889234823012,0
5.011040450623284,37.17209813986086,12.033427064966444,23.396419134633792,0.9630703133177239,0
0.527289668337124,37.70684050665502,29.64580760713176,33.721476024487444,0.45161571420920044,0
14.178280206912703,34.2025381966123,25.947408293949067,25.780533770955497,0.7251709052614362,0
3.8935633402079928,32.66785053141402,10.931758170577451,24.32905020405991,0.054302409733466006,0
5.936601902557917,32.00193737803552,3.0876153222743676,24.102102724770894,0.330330881510305,0
2.040609270963224,36.87820991667843,13.938930660182416,27.971801448793045,0.36709828290464674,0
9.768246939527147,35.676833613928906,30.115446926296574,29.961161352468064,0.21230974649390222,0
1.1562950332086004,37.774179886077356,33.562829762122526,26.23442999169041,0.9660422643780151,1
10.569071050509821,33.55144691661097,24.32916369570529,22.998963596688707,0.6866785302524803,0
14.97576071434484,23.862191761618707,16.7286613181455,20.402701530376927,0.5382831577369999,1
8.27252536788328,30.089933989056707,14.990752262786202,24.17188821244783,0.13561114717407274,1
0.2908610023022735,36.46443487755676,0.9762918834062578,31.139721444352695,0.7412716798135064,1
0.7400943308450509,36.32656686910837,7.850567282458706,21.648929516588183,0.3175038934558525,1
12.682561420416032,29.08655138985231,1.65775806075882,22.047201761354522,0.776807880896262,0
11.671550188852134,29.845580697341973,4.209162455874769,25.34981908161918,0.636266406904269,0
16.070006825284437,34.3153250423886,32.8906726629143,20.51652898526089,0.11063334369426203,0
17.51529207529283,21.86764575683629,13.930771853032992,23.404281156558152,0.8876239110875653,1
7.499319313520317,36.099233466948085,18.189930942993925,31.223466881163674,0.703057215225681,0
11.09092995269772,36.22558512438521,29.6088774612239,30.187602049697716,0.4134389512791996,0
20.095326331775965,19.1902189278286,10.22260473811803,31.12205732063438,0.4254059617448577,1
4.876608829497685,36.53270193781661,33.667062393778856,34.39844921539209,0.17677226243150068,0
8.682706950297444,32.07415564891665,21.525250071838638,26.673609807766148,0.7242560205830445,1
14.965403046733657,29.053472190205873,7.83950952634639,21.133380055535703,0.981691848579715,0
5.090896664679532,34.74362330248008,23.850137861044157,31.48130246188825,0.19300946916420714,1
8.792096578963534,28.568632994838858,7.901922146579575,18.565884795804102,0.9999629575272001,1
6.753212332251961,34.28167676165725,22.808416721520818,20.779122462394277,0.3110492545730422,0
0.21671570186074174,36.46531742858933,9.016493353592606,19.53729480675383,0.6756727311535484,0
2.808371260954928,37.993817554210636,31.140764370582968,18.144848437796394,0.9281311844874168,0
4.740943087352588,34.725276589699256,18.266079928739885,24.624494919619945,0.03980293517117428,1
17.695112976185257,33.200263489606336,28.321865267555882,19.760430239205267,0.5152746387465686,0
19.186976555336866,34.596238421871945,21.138062475334042,26.195020344601183,0.9320736394060909,0
19.98122844588732,35.7472439250299,32.51778615948845,21.017217088144708,0.8439211806848964,0
11.159682823172108,26.51704881826186,15.106602608115768,25.739410061935306,0.29612512900612775,1
14.664115189321741,33.78644046006727,14.771023480554438,28.864497623820114,0.9104494224376495,0
6.6998195421232145,28.090254300590452,2.1248841118383446,31.311930645221416,0.4556576181559612,1
12.799096449290293,34.65407354670299,12.361079222779232,33.05005728575924,0.8990926988615454,0
16.15154892245846,33.6074218945162,31.904501383520554,22.421433690097558,0.26109561010579296,1
23.037107144847948,34.808474906701214,28.190134263758733,33.55667675651415,0.6909995884989973,0
15.285790419538507,34.21943093269945,20.097490829832314,25.600005984379635,0.8863652235614514,0
17.28104697267006,25.2440896965884,1.4778188065634146,29.193536203944788,0.4042275303077204,0
20.54744133822381,28.804094367438825,3.048434821022339,29.145572422628103,0.6449485893534016,0
5.558882947372169,31.366878504152034,17.456557415434187,22.318589980620242,0.8196361015251978,1
20.347565003259884,33.27145097519638,28.693948671266273,34.88347527779853,0.051883721430919794,0
22.213494122668422,17.279237456674828,14.129003857268117,21.12206668908417,0.37907736458100727,1
11.400056139089738,29.233814698914113,20.771835672406905,33.115479206801325,0.4284346633869769,1
21.14423131454255,28.570228717818846,6.297631693189972,29.75896630017389,0.5673968944049704,0
20.99767837110848,22.460452549007414,10.154012743889005,30.5769614564666,0.04508931049693188,0
12.105100339788137,30.0673003601914,21.806841863187802,27.196609169119654,0.8621786142871405,1
12.19370014926315,31.699320679890914,5.263951424331505,33.22104605004442,0.3369709689866842,0
13.615513949002995,30.033031139597707,19.801448151197867,18.907402306970827,0.5911032027939199,0
4.708393949645027,36.33027752505623,22.104990342062045,33.035103343917754,0.19780034292249304,1
10.386055869246075,35.32374256697869,11.839673198451134,34.8673658016753,0.9273796972048712,0
6.021243774039673,34.90812668722448,29.25314772157036,33.317726541401036,0.11840866177096598,1
14.82088300608475,26.64825275141903,19.53263844379946,20.75610729449698,0.9662891428390885,1
4.039042893257129,33.57808358109377,11.938456933401014,28.515835151895054,0.8756581544850622,1
5.103388727227393,36.752317663309356,29.16716226338055,28.641030717835857,0.42067794010255266,1
9.68933722085952,33.165807675633566,13.996975093945721,27.135311735472996,0.6025365298879283,0
9.05317630400496,34.800484593772424,24.985154847369326,34.07748281976107,0.9288264452440558,1
14.65761924088564,30.55686881293743,26.845885449133878,24.01610957265646,0.6467935892308591,1
20.208546335857044,32.01672199363477,27.902911240604695,33.99402221807571,0.5357954919401147,1
4.286420818569716,36.21014558916293,30.59673165397669,23.96648506606404,0.2561883691120874,1
4.240919294691117,36.66798505220402,3.0303802610478203,34.46490960265375,0.12472174591672036,1
17.53346673901595,16.29583632488423,6.20696144210951,24.94365297926115,0.3098454256687191,1
3.9869903795341886,36.182144097077774,28.941588742433748,19.986887985883257,0.5180730093568133,0
22.70332150652486,25.413850678549462,20.15300111160279,32.73753393187687,0.5423572034281477,1
14.260494162958292,24.488511092016715,19.245409639599252,20.757059778952613,0.3724145285583226,1
6.551461656645575,32.25340271181468,4.15846819198213,21.086975900886248,0.6195729249683123,1
18.61706675919026,33.882422270296765,30.500203246073983,19.878299248297942,0.6489415800185533,0
4.060571138211126,35.691876965732284,7.482830670673396,33.49141209792458,0.623291594964552,1
8.16787013957985,33.661882162049146,11.697695483096277,28.480683938986143,0.2452275172411753,0
1.6015424100676752,36.64852311071328,14.698047997137559,32.134694390845894,0.195946178698576,1
10.723426011066339,22.294518812193807,10.351486872340471,25.23754398695724,0.3386196677495974,1
23.48549811226114,24.952446784299653,20.51703874366621,19.767886755529997,0.07786132214650476,0
15.461858258170299,21.865382351033016,0.22949425333366136,24.528713679291776,0.4029249669900675,0
1.6382023499433407,36.65507936849043,20.936578288216566,25.773262164960794,0.005065029065446591,1
13.814183283471799,31.895739008037,27.38220058327966,30.474083871573832,0.5698053915573567,1
8.427993158370018,31.401272681874445,13.073863767270426,21.537307577562963,0.7443916171622683,1
18.316218220075406,25.886674499959728,20.288303210260413,23.87313633607211,0.6157038597827665,1
17.904727897587755,30.692219274839495,23.572956967025593,26.51153862765976,0.24604833739216925,0
22.022479959675483,16.54559724535449,12.491841811934124,29.77207996499795,0.013067158217738406,1
14.534690499767008,35.06513377107963,33.9897623074793,28.385493188474317,0.09799085995546553,1
15.255906674517679,20.056179625216497,12.162913913004225,18.09230291438187,0.9354661517823409,1
6.251228291675633,25.606935631951817,8.24608502347862,29.997049771994064,0.11575014566257058,1
13.262881156963896,33.23320530628243,10.846745206175967,30.32867697727947,0.6315325390717261,0
13.655062580404053,35.478587367619134,20.220668498558723,25.979890278812423,0.9770642544860957,0
14.068627677831156,30.440663452340985,22.810728649720605,31.996791431863283,0.7435385105597,1
5.1332386587431635,37.024021802737394,12.090504542767759,33.06612583995007,0.379875151382561,0
6.22468500362665,35.55273063075305,28.379453531562813,23.803721696705367,0.3242770660687937,0
11.84161160680457,30.023896264055864,25.316239478702904,29.177946613963037,0.13026292021678543,1
21.750080222612127,30.761975901616815,26.66079316986329,28.977001578743447,0.9178327359055626,1
10.627219329334132,26.819030136819105,4.8759882039874585,26.914544549035263,0.714955700399201,1
0.8731781688393285,36.84337234050194,17.67309091021865,32.79647290166966,0.7682140979707657,0
1.8614931452612948,37.36599848136145,21.570906228235696,24.980956595039984,0.4296089436483682,0
17.081521845820795,30.874322269953268,6.6822134871933025,29.657571727929042,0.6653570693435008,0
18.622325034328867,35.6651754539372,31.796279397978736,29.68207377270685,0.428546401097069,0
2.7812978817331695,35.50608037177494,15.434337790081566,34.837504997393395,0.4657307941169355,1
16.590637442434165,16.60064200016522,11.050991563664116,22.204910253507336,0.26411779889176135,1
11.128767783645781,29.745572961516164,18.995493469241055,30.75458671855033,0.32286086458080887,1
20.84994917179818,35.081704233970484,32.56821867162496,34.92413773695753,0.07446149635980193,0
14.501375234691684,30.28350157477119,24.921234361020858,31.641579927790545,0.499144153139787,1
16.87881054290095,30.195664985352888,23.30273228421979,30.829231779178528,0.8237140439040264,1
6.468136654325561,36.924316775897054,26.227042610740003,34.711935962846184,0.3005218542633956,0
16.680072347484973,23.28303017688255,18.94252497821314,24.288226706125858,0.29545642765108404,1
0.8799257491767838,36.69359817204005,16.23752012285823,34.69065846657177,0.4285306241853074,0
11.012337800443582,36.932879850967524,34.9134092109417,24.57259845620142,0.42974688681972373,0
3.678935723489647,36.75462880356566,10.19368110124145,34.30541370222003,0.12131631301094037,0
0.9937689860439605,36.86057470517719,11.670910095786747,24.541803479926912,0.8289078655722549,0
11.7952222743225,35.11409787356464,33.820056643436956,20.248062146568945,0.02500197181369279,1
9.105582677896685,29.07491404464827,17.633596068023817,20.717704536730224,0.9810234555712979,1
1.4655684208481556,37.440413193572304,5.8831213101436655,21.554903833522708,0.31526985135781604,0
21.97613556868227,32.32719389237208,29.527400558372555,28.346276632778125,0.9790300059630929,1
3.354238969382137,35.96226633606344,22.362457247674218,26.509119460598615,0.6965990912176507,0
16.417312765751184,22.78212908798988,18.72876494265124,22.222359046355265,0.004848134117155234,1
2.65054464023316,37.538868634670514,30.61545038145737,27.63920798512193,0.23850392440122015,0
9.622005551615803,23.410571167080263,5.722486206058863,21.385786303640913,0.9066298995554981,1
1.326785919798657,37.26468113818042,27.539373492055464,31.54767047941679,0.8893638303277895,0
9.272290683177514,32.90083291234415,4.653346399593047,22.864977555312844,0.8809024108821601,0
3.615337274603819,37.54940204908085,27.198369799581844,27.798762197791376,0.6540097952060687,1
5.19673895076241,36.369746603223604,21.6591629878159,31.667214420729486,0.966652302277156,1
15.978606007045368,24.25685560254688,17.99277976367003,33.252911241244995,0.11485111795281466,1
12.33490268949895,35.58842310307023,21.32092640390143,34.30987663030429,0.8919708986641403,0
22.10872243493089,21.691079697664357,15.836046515227679,22.829958650109425,0.07785054553059978,0
23.325862510919293,35.02049031395948,33.95461618372627,32.11854630059121,0.3556017284877252,1
19.111904645487986,29.479416062609676,16.644664903828588,23.105437056499543,0.7696639699358035,0
22.733711413701513,26.883677272127937,25.16408143616864,19.945677682061092,0.47726077226679453,1
14.026591629334888,27.109960323760124,18.833436457032253,19.341711537745972,0.8887502456138948,1
3.138472501825448,32.72425019538001,10.99055239988252,25.016971316338115,0.5606109537174114,1
17.57008288603508,24.751878486843154,1.396286867324713,29.415006639874633,0.28535204932438774,0
5.110492783831985,36.04973143166121,28.37154114992827,27.354401383587238,0.9063124245347055,1
16.21311090957813,36.33212422769841,22.441467967909794,34.14342149710212,0.7033882858133035,0
4.70819230419385,36.269484407759876,24.129130613122705,22.027193018224704,0.35856152335585,1
5.0456657242414344,29.956625798787705,8.36406037339749,23.925506450715815,0.8327159345161471,1
12.812315823127804,16.557174567360498,7.9262030956673115,20.401192511579456,0.18314140147481994,1
5.747180915079451,33.888099601990355,4.31259946280845,22.30395109639521,0.42762149594847254,0
16.193791136268544,27.305857523289973,8.049172823873128,19.45598096621151,0.9667858111769098,0
4.317049613691419,36.690373453534555,18.317815643734807,27.420602788170193,0.8438384121094381,1
8.013682673642442,36.63236811949613,23.61654919747712,34.835814058170335,0.8792184430298942,0
1.4181461778830764,37.081643892485644,30.186901414420113,28.399918365505762,0.22378236499824278,1
14.328702581196797,35.82366858745013,27.57442922281845,29.87366185686838,0.612960420858327,0
21.387207877820664,26.17680099835259,21.67186166860453,22.647166021468177,0.11234171035178442,0
4.447610306049905,35.99154432868111,19.2855455412649,25.926792118796453,0.8182876038734955,1
0.37814200883687743,36.94464951826117,33.7458769721998,28.74522278406274,0.33373939122844287,0
3.027997154912333,34.57758885815571,12.257976935433005,29.655345137954246,0.7049107076106547,1
8.929525884927262,34.83602481238664,30.136035325572035,25.29127614696606,0.1531919010218159,1
2.8464247664960336,36.74527320260439,2.179593935045381,32.20113114368911,0.7136468828041851,0
8.368136225267694,35.50522624992676,32.460197999984175,30.320589335560847,0.5843296828746929,1
6.326004119307686,35.584535313587644,14.747930239653726,34.0923533026682,0.7517715110024383,0
16.129685809516467,33.99582693727353,6.589581311642567,31.527288492554746,0.8601193651482969,0
22.399824164326517,32.35806056134526,27.728786084850395,27.893940729650065,0.42182651998729515,0
16.10636359295106,34.485829537688886,23.01004599488455,34.45438406469945,0.23745957966411912,0
20.866323919602394,12.769023305920781,6.532210146681588,22.321383882911256,0.4088197341332901,1
20.57859344148715,32.24848777612837,27.35393900027461,24.243122104498546,0.49687196456581906,0
15.2674580931889,26.373102229630895,15.420590147257354,28.630656137456302,0.6024745468960876,1
14.089837825281457,26.295789688559744,14.188748527631525,26.202472946030845,0.10715534893265977,0
14.51612701747513,17.698645144502237,7.144593885038681,25.024902466936542,0.10868441569420961,1
0.782675531157782,36.586985283574386,17.914251652483497,22.487634724855468,0.3937427784487104,0
19.47123794329808,29.344772897496505,27.59331604984659,20.044973161300078,0.31062604584573494,1
19.479403053554893,21.330734313177327,4.929689538541458,33.090268135977304,0.9322679968990653,1
17.038845081069027,29.22764461980073,10.687625355330987,32.92459639294016,0.298745227595676,0
14.932671796190546,23.28093833148244,16.98783004768954,27.102819558639514,0.33293385429393074,1
10.332916684533195,34.96645574895052,6.199222352075675,29.37988949979425,0.9244740449451385,0
6.474142059686767,36.37164061221234,30.421678811226045,34.569744387043215,0.8757877101531882,0
10.312473592584308,35.100126090889965,11.530432127226488,32.13659927205188,0.8303652311605381,0
3.0326586127931154,36.415246451427095,26.581051653218857,27.261497031286993,0.7285548498138872,1
18.05867254930966,35.32509904805522,21.337849505163543,34.406929192987356,0.8626171444859196,0
4.252770338380123,36.48346770763524,31.814741120219246,21.134082370034363,0.6159368505225385,0
17.156347217861658,34.503181794763336,26.24880861787613,29.14033871308135,0.46676493205049185,0
20.992313261539444,12.954854758115374,5.489854175168912,22.712071975034757,0.6040372993312527,1
18.60582189254874,20.648817985667293,9.563583306631335,19.721923729854115,0.2754438429859336,0
8.696676502358414,26.71074209071451,14.055590020146253,29.190616970186895,0.15452021376572922,1
8.017978668555536,30.770787919216293,6.7770309273564635,31.862285388749903,0.20006847466680122,0
8.722797074208408,28.778553241653974,22.40048400870125,19.720044407214875,0.3854907389312927,1
8.292230295618264,32.248275993791864,22.754774545500435,23.422074808075937,0.9104751291935622,1
1.4178444091154914,37.00007061041781,25.36202420124157,19.68519713718948,0.962406829887765,0
16.251853597637158,27.064736131364157,12.342285550452335,18.638283448652395,0.8551092073565334,0
21.572261792739397,24.76417972536265,2.6202438782735236,29.991859294037532,0.46665468153832934,0
18.15251465717043,24.54252694958958,16.846103890280656,19.287176372849785,0.10611338873723186,0
2.630825250769287,36.66992732482802,24.154124617422603,29.81998595154588,0.8411481217498752,1
22.371363294317824,32.45148712850419,11.335187659017256,33.697258427909986,0.8860681522061283,0
9.889138247600695,29.774747460657306,16.431823622671665,28.18442609719517,0.5177679394128781,1
23.83904596120755,19.089020248139274,10.453750319687945,19.399649087939956,0.32679758611950416,0
19.33032427469763,32.80836118808192,14.02135252233404,31.216837330035897,0.6528336443905638,0
21.358394667231067,34.049259516339,18.235293446381686,33.46679604588918,0.5102637998243196,0
23.989636637822038,30.75547303864799,28.187010663836283,25.047860184278917,0.7249823277334089,1
3.3926114592740717,37.08144082441573,28.81973131418142,20.603039000388527,0.18167272769536114,0
3.081136735727637,36.62829908537703,6.348316849858294,23.263109796540867,0.8173641857432482,1
11.900033893628319,27.229691766284486,7.032096527853671,27.626179520328655,0.06921169244501035,0
17.91586489917737,13.642046475557772,1.1276841928880477,21.66428314106178,0.08853474936649575,0
15.509688477724797,35.28537473156015,27.548311593579864,33.019993184997304,0.4076502048463023,0
3.4016396204352137,37.04860202767057,22.13803891148357,30.032330931966147,0.9358382382520101,0
6.7035129475614195,33.52546397921108,24.506075856307795,20.197495105235575,0.10114573959266515,1
21.239140747651206,31.565342648482122,24.76014884769129,19.025159178243285,0.9882342346645994,0
17.489734413507968,22.25969180334385,17.57535307026114,18.073766024979275,0.36807697408134477,1
4.900183335346908,35.69684315302624,25.120377007831756,30.200413447916816,0.29134391901794887,0
0.18904413887072025,37.897126904862446,19.277529105483758,29.49903261466047,0.21901099244551148,1
18.351957673875642,31.221322142770557,26.91022307735389,20.984767064105267,0.1380327042337085,0
1.0899106380220838,37.388292265173995,8.494528791029564,23.514411123223432,0.8583440695362015,0
16.172989684690254,34.719331685962125,31.984692467471866,21.211068140893143,0.43301629782164,0
19.46766191284223,32.92919538031721,29.293401514781475,32.85036981706701,0.9449068607234008,1
2.0509607055609846,37.2069439765987,22.251090359029984,18.47180513231669,0.2394890051524049,0
6.7740959461652235,28.772138006892796,19.887061657080153,21.336026227872473,0.1848515548733407,1
6.472259843693694,35.149446343702564,26.181566543458498,19.01657872579175,0.37012356337941354,0
7.144678551211344,36.40047135966536,34.79138440544665,31.78348098613442,0.29655721125424583,0
5.980393253544685,30.83461962090978,7.07199990512968,26.559119903753725,0.10944787477336337,1
14.535746244793028,23.380618679267336,18.479943659802117,18.109783523188575,0.47769365020242094,1
13.05681088362887,28.014705037399366,4.402808280780468,23.374831266389606,0.7203983168622516,0
21.020566908963453,30.462752197707157,28.565328537485783,33.82835355059222,0.16973736321004462,1
4.780433745352695,34.22579481726359,25.377166982584303,24.240155806465683,0.791867583301069,1
22.697198297519943,5.640293992051751,0.5861558350241614,22.43475541250082,0.23701680058467112,1
21.42817972479748,16.158371238693043,10.80261991360754,28.603971927534783,0.13949507747715528,1
2.4140611191442076,36.28394910504359,8.48585622489702,28.80127206591463,0.8826661497508681,1
22.744335284312392,22.063577846452507,16.10335098608738,34.14646553348304,0.18048719049418238,1
10.466644954977607,29.48612418667649,22.91758280580827,30.36271656574779,0.08954574515933722,1
20.24735315361604,23.065251940730114,5.878685958243939,21.051644931967978,0.8073616207029355,0
3.6955126574518973,33.583377801381275,5.3947487476902785,24.385196001563926,0.06088070728993078,0
0.6262749496222302,37.70031099569806,20.089408457784167,30.602949967536468,0.07835275050924573,1
10.534549887817974,36.177734943326655,34.6885572109167,32.52740143806635,0.28035058586967543,1
17.491292893869044,33.88413150691604,33.125669383997284,20.46897614379246,0.044885195771256825,1
6.178955063657324,34.95475641147521,27.24555787030772,21.37161826650553,0.32502094458841213,1
11.801117833582573,35.05174014348354,33.01006992344326,26.660132638796554,0.7649873248450582,1
14.726973670606862,26.99446940406034,14.713119032195419,33.12786057861862,0.7505088196239144,1
3.128030330406628,33.973605506966116,12.905386468889617,27.912753764395042,0.9494416949655986,1
23.677820284693933,14.966430351271994,1.4427625871322913,33.95284640787107,0.6468453351588125,1
5.026475531073468,31.770237548033695,2.1141641819174573,18.116413310654156,0.19139369190404842,1
22.202434857708674,12.788484997568906,2.4006949814421077,22.032677383659383,0.08947324698872217,0
3.2891839162849763,37.41967821808847,34.551628127707794,27.952867432307762,0.9443885270086684,0
2.7577147766718895,36.43972897325836,3.8678829786820113,19.62361107743196,0.503060131455447,1
19.57838136715671,33.36083582087012,17.849533723962388,28.83084532040618,0.7365658585579881,0
1.0402796897902267,36.65578992467805,9.969920763528652,19.747290076473938,0.5263128739184857,1
16.002248480508264,36.07819171051832,33.65764667595215,28.939702195261148,0.2128227181920761,0
8.785539059287448,29.59957447493881,8.4789371003635,18.08522771482493,0.13090588501022937,0
13.573851388264316,35.418261958881786,30.719494247125503,31.54688286961828,0.40272852230562517,0
16.088126450824163,36.25301752155663,34.79268537427779,26.63410761976561,0.6704179171142258,0
18.205053879919873,32.96141897586668,31.80942718816064,19.426163649170586,0.7182819992791513,1
4.952253852017309,35.79600185322111,12.09301072986151,26.5480165099301,0.8271638988324719,0
11.014948531743485,22.253046983993382,10.023380344923943,28.379796511288287,0.2659989028902352,1
15.613190066975015,30.211111004677004,22.480981161030222,26.21676083731161,0.2709495096926601,0
19.34372255530627,29.204080579810594,26.30511778420477,28.077687439393543,0.20375864308689162,1
6.763584322527473,33.63106595194368,14.688557750933787,29.00223967981973,0.356232652303348,0
0.2334370297152537,36.89913292476983,20.269995590123006,30.772062108876806,0.5392084576310873,1
4.321455852464139,35.22032369971448,4.8005059740213705,24.669145618234833,0.8802026170247028,0
9.073662823743783,33.90899396080465,18.555048453805774,20.911057110065183,0.8425888587241184,0
5.363900702312403,30.190689569288676,6.624497910085007,34.236398924064474,0.23731868800364464,1
5.930558639962497,37.056813516703436,34.787657549154616,32.2098021753186,0.528743011494398,0
15.894164676647303,37.15562658115992,33.93656700103378,31.58750434185506,0.6658910055291873,0
16.52578888657955,28.776003425689634,25.848764242270185,27.190282148351905,0.004333171967255356,1
9.30062384523664,30.091649308805476,4.125387391427267,18.451963250142494,0.6092472244306205,0
8.054897320074701,27.09287793869619,1.9061362923608882,28.292615410830372,0.6506106860959103,1
23.023258221376235,23.688742887216428,22.6479684593983,20.2776268339242,0.004166712361702296,1
1.3474271329337606,37.1968863445891,3.517729541341011,33.938574678366365,0.7374055524881297,0
4.871193784832829,35.73390764655564,29.932772421386357,21.478279125841247,0.2955049873880995,0
12.641609530188674,34.602202718987,14.532126958165705,34.11227262455473,0.8660219017396116,0
19.804740623165017,11.39727266726796,4.923537267636328,28.004107153823682,0.2565053320806888,1
0.5771162843813125,36.81364091926038,5.55596121065716,34.52582983813047,0.08671129162630975,0
17.1843299561185,32.596682591976226,28.604683617747366,28.05216781163973,0.6510507338803669,1
3.7660402332040066,36.127695535930016,19.51403133129321,26.66882449273238,0.9094062749275365,1
20.80773335924608,34.63507657656212,32.88709752126068,34.44811631614378,0.7069052414579632,1
3.378069760506346,35.84509243613601,7.622940139596194,23.30887134669049,0.8193595899530616,0
6.779321069359801,37.53135884814536,32.94549447268208,31.624488412510342,0.7850524454363198,0
5.686272272537596,30.772187749247976,10.656261045717475,30.426301191163063,0.17905744717253103,1
10.723025696859498,21.2458626022565,10.820251606873127,20.092157744920232,0.1173767989794896,1
22.207119091985227,21.288614223129198,14.824264988218149,33.27149050655522,0.3834411591765031,1
3.135017904202198,36.554281459347095,12.90750633230953,34.24470739003631,0.5477758149377788,0
15.61931798104552,34.902701177263005,19.98789511850769,32.48423204271472,0.7815746648511038,0
5.191335051430837,37.316433459153004,34.815480800432965,28.703530634071882,0.33719483626086655,1
5.1656753080685425,35.799472408858875,31.49870901284455,32.299177463899746,0.2624678527230542,1
6.27491194367843,33.066080997124104,9.2239964171492,33.60662968797425,0.5244085673974169,1
8.598667903350162,33.855175178967656,29.06621729872916,21.878591485711006,0.5393356713265933,1
0.7384403375641089,37.77815846352127,0.12624599493024968,33.89726263438976,0.433532417132823,0
0.5060903030141519,36.89266171016633,4.696741899912775,29.374336383798163,0.37234595574768115,1
17.07154181926948,13.585102952828366,1.7529111250905554,19.063957851810507,0.036945911074145577,0
4.744456247860364,36.27330878600961,32.23366602766844,20.60552177709588,0.7745136238158891,1
3.1261811526271943,36.64075991020033,9.325570171224424,34.51136500223014,0.0017713172789447507,0
9.141078282655531,32.83079218804119,17.955027227531545,21.14572039174934,0.491872131745278,0
4.789977841135979,37.44588682443578,32.300485855274786,18.164777742974884,0.24437600058802533,0
3.2431498612188516,35.98206184954152,11.699082062775553,34.92442079173229,0.017760871793596977,1
20.40756431118667,33.4203617300676,30.638624721578836,22.472863851020048,0.2155737148335971,0
22.673212770345188,14.538670988551312,0.5852209758244442,23.924587408579633,0.2300744305938469,0
20.36141077790285,25.577820707657267,10.834942725062884,26.342606408585787,0.48163966724337115,0
10.597510533964774,34.3444178020197,4.024478907180921,26.594127761836713,0.8782219215211395,0
22.564973733408095,28.79370472918822,19.706180627173406,34.49476013369954,0.00619190126116298,0
11.441723799142537,31.319252836253032,23.416989082636896,24.744152068725782,0.6967626349051796,1
4.710790624856137,34.10544414840742,21.863501041856004,21.194624570118794,0.639094078528724,1
1.1345339074430703,37.488166126065664,0.5752791703815058,28.992032158900265,0.8016239414672801,0
8.566152836849072,32.066039906526115,20.40623624879932,25.881787884184554,0.2875078828124936,0
14.314222680772886,32.441515032603625,25.22223816099058,29.811304073538963,0.9467292880153405,1
21.262878786180522,36.2152720542284,33.594128829624296,34.677390104680086,0.372201739203316,0
19.15837017849455,34.67909454722705,33.36068030865919,26.924847803577094,0.83024221555984,1
16.62147069661072,22.804607025511043,2.972925297727315,28.96789945621084,0.18526293779331826,0
15.341862353462608,28.545318350852654,19.571686566845997,20.380622409926712,0.5083229713245354,0
8.09085408222471,29.579472389921,16.05083256130103,19.18462584338772,0.6403718378875901,1
15.78626967396578,22.90549578765424,2.359715132387411,19.307908863302004,0.7196309492247929,0
13.069386188841548,20.83241797249531,11.664692282505765,18.951563285482543,0.026097996609944052,1
6.986068813390163,35.749112914311425,7.1057767236372396,32.12308705051762,0.6471424266721063,0
16.101788031380142,30.160906024396432,27.692454929364143,18.14729226587818,0.19485782124603168,1
14.8703718486578,30.642197147756416,9.137931623450145,29.42335069109695,0.3845606571183825,0
18.80293992606571,26.941955092414602,15.05584856140895,33.52192548932277,0.9218562870073923,1
19.68083037730128,23.983657105895766,19.847000340180003,31.360120394544044,0.15418871606084927,1
6.861293614297424,29.16182297794641,3.5685072980203736,27.466448602333013,0.7098577208140403,1
15.115170983811158,26.746665884752062,21.477495250401052,25.115672879061655,0.49281499804505735,1
10.396322258492127,28.586095501883,14.194790622046709,25.711653917173997,0.8588840856606575,1
4.222652374850155,35.94965488488624,20.48799773483117,19.895453945375767,0.44216487843882313,1
11.46247476946603,22.45105096345146,0.17944849581131295,18.755665064167623,0.46651948800257215,0
19.715720213895526,33.41443689436947,15.691668072007225,30.66934103318034,0.7856689132066286,0
6.469767325460939,29.597872413259207,17.884128761367784,28.071881821877717,0.042316106231325534,1
17.864250162458497,36.96036690200771,32.22127873578314,32.82637047895879,0.5667755370946153,0
20.300664672416527,29.563804059574746,7.132194200206887,28.826795534016092,0.7073839633327329,0
12.111367692685622,33.016113692522836,24.225854411391342,30.999599006931703,0.932479746049641,1
18.296103374169668,27.768939588635416,4.640504927406673,25.723008556144237,0.8012682026249908,0
21.983574070532065,28.495554698062225,20.941138261892725,20.63780866527214,0.6324756155376726,0
11.207790280050633,33.74376244205973,30.86013338624969,19.09331294533927,0.5675901229124041,1
9.569862097843057,24.15989836939335,0.8477427163512147,20.53008198310263,0.566728642916023,1
4.929909175014644,37.47747907599206,24.76993115164615,30.7344297100886,0.9997402103995804,0
12.868442316313779,28.606159865796503,9.655047474313276,18.44702112361495,0.7690592087074983,0
4.292206297577766,34.34404378268031,20.5328408236041,26.11826535069049,0.45067897803353674,1
21.63122523187804,32.70758090094189,27.96909810891016,30.577700225939747,0.2690115039858062,0
20.532449300535987,21.087346094903904,17.440448735389765,19.263039807340075,0.27470187285446757,1
23.782646587062274,13.968663622034446,7.365717178505986,24.78850939604261,0.5999448430386082,1
21.17510423985777,26.61947980448292,21.666089078451467,21.181917686468047,0.2862475593566528,0
0.06156327660859606,37.843767680160596,32.64279415759132,22.89127087927173,0.7192932334625654,0
15.119260315959158,25.834617983415527,7.012390659654916,19.22812865122381,0.6491626318592387,0
2.3438853948856364,32.592142018048364,2.859483161045058,30.569695139294197,0.5437525474622064,1
14.5616967641373,22.03028410323938,8.473266704497933,21.432816378935435,0.1596299854642219,0
8.522798876156614,35.60852863995816,29.573058357938,18.553609770178706,0.744357717613825,0
23.775963701381176,29.608859764194175,20.718501112828537,25.67312588519256,0.5273382063391975,0
8.215008311084631,35.428407410306534,32.51256404911849,28.937225695706942,0.8601883196085647,1
11.422135816908341,27.42828820736031,17.07363285454915,26.659950417773295,0.3953563853732861,1
11.998892774455495,27.481498266217724,9.957698907649508,34.56570255738535,0.5290620278248238,1
13.195633320217087,32.28522691002821,29.622243018390133,26.444979956832963,0.37990709915199916,1
17.755103347884635,32.92901912223985,10.816271455878447,34.91731198113799,0.8467653907378011,0
23.258788630961785,33.1889397532629,31.016750372949087,24.226395967471902,0.23604015720333038,0
8.689404893793295,30.693192754913277,6.2304719988049575,34.305823066909085,0.6181829719343922,1
4.22819235542472,34.12767325514356,26.446270867676425,26.15246113348242,0.278162271554113,1
1.162215487802511,37.054906210388474,24.10192116276341,18.397044398089978,0.5924029798366154,0
6.238405587861739,37.283253693018146,33.58470379539143,29.915158777144327,0.5139486077174138,0
1.3749118619633247,37.11749982539293,7.037859895260996,21.285816566474328,0.795630686108229,0
17.17121609715383,18.79466069214071,9.89846686054493,18.848860570734683,0.8334554586973857,1
11.086574980322958,32.957651751305114,16.373881564466334,26.729646300888362,0.2858971764355914,0
13.636867377651534,29.656300409765382,20.028165532107874,18.299948238901223,0.5526326899593497,0
5.562958463814265,35.68705773442362,1.2550905619329011,28.362849442453417,0.9366782612425146,0
4.760148890671811,37.308621567460406,23.626773776934435,34.576409934553894,0.8335772713873302,0
10.498413051811,33.03530572677016,21.901917030741046,22.486053313484508,0.6218025430708609,0
20.26073237908892,35.12190910412668,31.00399964270031,25.85696648273656,0.8298776028979202,0
22.152349496561452,32.99661970354828,28.232840413743503,34.685357940028,0.01145259186582015,0
13.912493027456247,27.065692152400807,17.041199303193245,19.072471819676327,0.4367014725027498,0
4.018308513982681,36.56538406553226,33.4504284924338,33.189295177110075,0.4371413192534971,0
0.00430364281128881,37.12731618704335,26.157488610425435,34.27804696291643,0.20119444459229896,1
2.4380482270265382,36.308647606704625,25.19480031472895,18.489323908003122,0.24200073953715584,0
19.341399016266827,23.516467972408464,14.992126342401392,29.25676957484484,0.8600958389058907,1
21.65416022184811,19.857935984174276,7.267643278912329,25.96439320471447,0.19228952069976668,0
11.563988054328743,34.64125669839489,5.873433815139179,31.45006893974608,0.9879945561092612,0
18.51467772957647,35.13081578093975,31.513581368926086,26.969133721328987,0.4236902692418505,0
9.056439922857182,35.797308031082,21.16829941994452,28.512356586781863,0.7156746687325356,0
16.99258291251868,33.59437454529292,10.434913600721083,34.39330931977142,0.44698257331085745,0
23.590424616280607,9.958278418480928,2.9482414029580206,28.989603879581026,0.2594448292485987,1
15.927965480672176,34.33400970489589,30.780840652694557,29.703189058158706,0.1360764250307951,0
13.668760922638697,32.356322786925716,27.29750508231803,33.536204527135396,0.29173400314382814,1
3.1243828203044695,36.295695745656694,25.23295329152777,20.765812138405902,0.5973379447013495,1
2.934049928563515,36.056468946626765,23.735513138261414,32.771218453194024,0.9855361014581399,0
23.020145044083172,31.675478403480938,23.541807355566988,32.80607745921043,0.21394326103506622,0
4.754514696391013,36.16778365368045,31.602065717749042,18.426229844764084,0.2828514280689789,0
18.556373847611265,35.668537842350254,34.5859474656971,24.677141125655258,0.8908632156843578,1
10.238936266620904,21.223671327686752,0.3602189787740706,22.268475163397397,0.18822223271426164,1
14.689456637935228,24.41690143281972,12.326327598591023,32.012598397737634,0.5071077736906017,1
2.1035436930663005,37.45528618074727,12.543282820847367,31.899455690740183,0.6545057098918472,0
3.5731234156497953,36.11707755605402,3.564368114931775,33.01371920140667,0.5504651980562532,0
21.306869396119424,12.191160612667531,8.644324034199169,21.240993449492223,0.11096235487393613,1
23.108047336800155,34.63614602491163,19.44745521126737,27.214091433709907,0.9205431090960619,0
22.616222673175482,12.448582222228156,3.8958390770477926,24.8777704505444,0.8264609705369964,1
4.573327626120546,29.68856320193081,11.211708701333206,18.370807010815103,0.8532612010710994,1
17.841656266276544,23.48668320017276,12.920388617240148,28.32334041982432,0.987212943843681,1
10.95473435145417,33.76376582715568,29.819824574476673,32.97902696784784,0.737250147617865,1
3.1470155855301956,35.21651536221033,9.069164172820003,20.60651915344673,0.8477197136212453,0
12.73689719624114,33.09590739843205,21.019587393174124,30.12368450062553,0.3573181504300881,0
10.828180687703659,33.609290009679256,25.422146794588738,28.30904742159578,0.12828512600963726,0
0.6420519262661015,37.75501018864656,22.208708400105166,32.757914921566964,0.45235824266539604,0
23.092359618292306,20.023586586983104,14.81879160850897,33.13750726640157,0.14912593904891092,1
21.448981821086957,5.816385254205536,1.6403591290293535,19.062867723508138,0.02421633713886895,1
19.709044266333848,15.992427222112074,2.8663942551039905,31.30355170366246,0.5727270317217001,1
0.4120242949277815,37.02254133280248,11.920251550849564,29.610232062124986,0.7478799191209828,1
23.220932381256105,33.4598197336548,17.53392513945489,29.380105996915233,0.7107822068395854,0
4.051871837635691,36.90810126536294,33.73159561145677,18.506607139694385,0.9623971135369657,0
3.9400309566535476,35.64583252563201,26.405498495525947,30.644248172418088,0.44214607698018704,1
9.785671327795619,31.313630027639054,9.541827764648076,34.98747368057289,0.708454431106009,1
22.936060390862906,32.03090014646984,12.766293260249554,34.43612057491818,0.5938669997831885,0
15.731732178845316,35.31439266828572,28.436253470589516,33.19162932420835,0.34630871272597363,0
13.645731642753955,24.34032235178639,13.0275867260626,29.799475575831174,0.6112434654503156,1
7.484516297478966,34.181274445723,15.022033059482157,32.03601376646142,0.2726997313478501,0
1.9869298166402958,37.10960391422336,33.18998157016977,28.831191942287816,0.4632872196559378,1
15.490187641426058,33.198888684249525,4.8858495249415,32.91196901655811,0.6900745423521849,0
7.993974646331805,36.50939084809944,33.29807920049875,28.002976766938836,0.3516771784627962,0
5.159242646832345,35.694720659358794,26.532460299086726,31.64579463047265,0.23667476866210257,0
16.893844802655472,35.62390874425642,34.240309647871904,28.662370550135844,0.8915055175646839,1
22.929323437471528,25.93199638874867,14.052657400992336,33.67132248685456,0.05361389244232173,0
6.630317036323615,36.80725732573802,20.873761720390412,33.93044939289468,0.4691834296228581,0
1.8482738495489617,37.262787169362234,7.6165255339392,26.075187842147955,0.43647911680999996,1
4.465559323882988,36.68082269108657,13.658813919561062,34.731375929055254,0.9240989072547401,0
1.2150538047807062,37.01597217284503,29.106827854550282,21.533945749324335,0.4061518740003638,0
5.283859744246566,37.34142082889239,26.495945902931627,29.409764372294482,0.7443103174188943,0
3.0416893282730992,37.385464682495936,7.226446846806783,28.75111639170901,0.6496631763635139,0
21.712659525959296,24.569404383112403,20.838317964700256,23.319660007231462,0.5317966539398413,1
0.9917042569034331,37.23078303505449,11.423448831701927,24.773403715242118,0.475249374933548,1
4.47916163459626,34.67577714339834,12.989003269365597,26.780821592475505,0.26186854695666983,0
15.645175763587263,20.202754250629262,11.610390108281162,20.3809550800081,0.3800684770930032,1
22.66409461114102,25.400974654291108,13.429306453591028,27.90117685229376,0.2930705707811033,0
1.7778980059032117,37.37274372378711,28.66776168392296,33.42405343661222,0.1294039527993135,0
4.03244460360416,36.114054928805814,21.782693439027383,30.47982790669539,0.39797919265995496,1
14.514970163855743,24.129781645396477,17.656266970068902,32.87038319826539,0.05192831311511881,1
6.441135403015057,36.15574904987916,31.347336220918248,30.105846505245456,0.8398602317223396,0
19.995876269894435,31.629811927124084,18.604714005119682,32.90177938644215,0.3175124300630394,0
11.5187135975237,34.61639580772059,31.227914597462522,24.606729052177442,0.46151923399322403,1
8.174195395155554,30.578079146418226,7.589152670935153,31.488325222334115,0.8977016731784703,1
20.78353894989094,18.369592723595805,13.999677897279634,23.212601623140102,0.5341337932754706,1
23.52871837114384,17.213782251959735,13.69919340563659,19.256853297095248,0.6309759641581538,1
16.52081217260042,35.080628752422186,31.837130945440606,20.14560861649389,0.784983776110203,0
12.119181861404636,33.726932020456964,22.591487564177527,19.795716982892472,0.8769481574148719,0
19.963605512559763,21.150119670948325,18.832479513142495,21.001278172190716,0.04226837479279533,1
18.38599043275703,36.04869630727532,30.92892727159145,29.896813741154062,0.7802015239783948,0
21.586150886369893,32.85662066218116,28.760861238176663,26.248142486953128,0.274566503791531,0
18.303750946774205,33.192263028555395,30.659779141185563,27.66912175193064,0.8104303534254303,1
14.292191770645937,24.47608989424265,11.643087508839226,30.16341644154692,0.7421974265108751,1
8.148161539033666,24.814110705298503,9.093482039446824,19.24798857302607,0.7986436333721867,1
0.7694268589371855,36.4782195969885,4.9821121304862395,23.979589069830748,0.6291303016909873,0
13.537268511700049,34.719875283906156,22.13354481498548,31.034398829773096,0.6419922974446179,0
0.6805316791117075,36.77901585191407,28.43022071490296,21.9864159695108,0.07905393651843251,1
9.024719458719098,36.357635002783,29.862601100623433,23.88410199977544,0.9110902634925621,0
12.494292839736566,36.010822084369785,33.42648985813274,21.555051827680085,0.6655341085444934,0
9.98218109219807,31.198930567305563,19.374126672968483,26.52348701918531,0.1905174336898805,0
8.716916689733353,28.156511479671973,19.391645355302497,22.195615567220504,0.1830936134799107,1
15.655000551076242,34.964150709427415,26.370576988747068,34.71071997026998,0.28938717275131354,0
19.937648729292285,15.669148086616064,9.58920552306466,30.26385310195984,0.22715785583709058,1
10.474298523723547,25.92829989837454,9.056842140073986,20.204787660019647,0.4030792980832577,0
19.9315757995753,34.760576590233065,25.169298872914467,31.142198546747366,0.5148398782337599,0
6.972257789123522,33.16619913285238,26.515698617298572,25.761203625110394,0.11060226756919977,1
5.984593638915131,28.04818003525861,0.7919781778908802,32.95148217924921,0.7025184586070926,1
13.624831177187968,30.94313540219028,27.982739176928195,22.099924433215705,0.023900897490070294,1
23.597447465619346,19.726195745490436,15.582981649839073,24.607091080823405,0.5110140178238152,1
5.7420598677121735,35.21316470902459,18.951682433122222,21.08481843861041,0.8061823070641159,0
17.67055792917225,23.1306471610729,17.481073086844447,22.897823243266913,0.38510036090210154,1
11.525823580788462,36.111043511251374,34.289190927080256,32.246894934956444,0.5560889438118312,0
23.168795657364573,22.948256682633513,8.750686880953932,19.03041407310178,0.8367071825424633,0
6.861412034005786,29.98747457251089,9.463289510126465,25.067861478816543,0.739040990005485,1
5.756439804084072,34.56783776118605,25.6228188501343,32.45615336094224,0.27125970840964675,1
23.645804141816882,12.503286076919196,7.342229412575257,26.767627955095016,0.15892625120572068,1
0.7036135481037027,36.83254549328514,17.020753057305296,18.30925177836432,0.5179977938276885,1
7.3739148025084535,35.82551801568776,33.54116509143125,31.706243512139984,0.2269783424063173,1
22.856124521130063,30.443761395314663,15.709277417437285,24.651071841019387,0.883577821413407,0
22.753593957182115,12.400919415335125,4.309566471228897,29.583423462817514,0.5089701720756945,1
20.27704843555672,36.51569216731446,34.080474696275836,29.71461700653529,0.7852363502472144,0
23.19651770758364,22.80139614996134,19.876515348272108,20.23065996369058,0.5836303916472609,1
6.498894660026314,29.175009228603226,17.69110325169123,22.853608179563416,0.15733225631757852,1
1.1156478399699692,37.103442064541625,28.50828529681722,29.774834548131988,0.8968089230675611,1
10.483408800042335,26.88369952481165,10.765919030914489,34.47891824582537,0.06342724968765079,1
9.833659679199927,21.817022429537268,5.78368921322053,30.9874498139277,0.40827166830674155,1
7.685955395561911,33.70697505060444,1.8432435881477705,28.350556184815005,0.588072910420081,0
17.991002847572418,32.43525194276641,18.118671980616448,31.40971941969022,0.4024805398355573,0
14.08179590700313,35.82956742507503,29.307022982453855,34.64279706290371,0.7274983748990266,0
16.111476304049596,36.37627193092367,29.50594858074178,31.35058068752174,0.7959554931515291,0
5.899371742486883,35.99829734591204,22.062161723030776,28.27166638957127,0.9420222217174801,0
19.161270614711103,20.790611464958467,9.115599885360947,29.99322437193812,0.9047636938384931,1
12.298594237253344,33.572195579805914,9.096500984891048,33.53695623277512,0.6608556908676753,0
22.91326897219909,23.76875606381235,18.2146274788827,24.18609660288428,0.9140854081860831,1
23.19022317441689,35.32779939761629,24.405444195161017,34.078459327847554,0.5276196765677662,0
9.405741647543966,34.408767780113344,28.203590498785886,27.026499578347675,0.6847319556059898,1
1.335750677089261,36.594940892802384,20.4927076887071,31.91108509332627,0.7156704469327588,1
14.28166079819946,30.776783563935535,25.49749575528597,18.842064763980098,0.8473001494472061,1
10.035028617846312,28.600957441693005,10.225187146741055,33.179070108718584,0.40492109818333355,1
5.501149376179943,35.4146229402417,4.873988802837507,25.534106289305846,0.3865025330290994,0
2.7277911734349205,37.12370992019068,10.689903472914667,33.25845140143316,0.016269250302235805,0
19.356869676299333,26.48679116948302,21.35568309856098,34.71501842410588,0.23028759951945588,1
8.331713532974284,35.04388042734091,4.047565684843735,34.40492203075341,0.437525696343094,0
13.100018179553608,23.304847279828763,2.5433083029354906,27.578329854167237,0.9053430050203539,1
23.34584200551769,32.40822388547353,26.670317359409932,28.453657722365634,0.3483816232411253,0
21.859175742702032,28.116027162482375,24.52273320814808,29.208057872905048,0.4064409407502858,1
14.209046431541278,35.811353361451594,33.22105162868013,19.062048817206364,0.62106305988315,0
7.852157868170817,24.47000259989574,8.498511897712401,27.545010627524647,0.06143063745171251,1
9.712236449867298,34.16540731678882,12.806452562810147,26.19941615316433,0.8465022156839019,0
9.937022679623897,36.32125374415057,25.941300173328536,29.727191925799232,0.5563331266811297,0
0.40955250277142596,36.53209802389054,27.23165504866491,30.205179772965067,0.22559982126329148,1
5.773254681917326,31.426605820980257,6.224278872163637,28.235833004694122,0.6796285615334993,1
20.903335951205015,27.43839343301465,26.092078723848157,20.870747166812343,0.2516631161186169,1
6.219827172522257,35.43270210974689,21.239492103714973,19.625931307108658,0.7800728588394872,0
9.144738399397387,33.01231364510192,29.390055942151356,18.589218238045802,0.3808437989120118,1
13.293473516545411,34.950514711924605,14.691212138063978,29.962931002533786,0.7342517378890211,0
15.988828213454273,19.668150277618544,7.496318226490687,30.642003183443556,0.5393973747353724,1
22.493367589150882,26.15892020447595,13.228012742474823,31.60800316702462,0.2696687859552591,0
16.872457612226444,24.651201688552035,20.787376117488538,25.149968095820782,0.17750818278657443,1
1.1059550965850677,37.0017950582014,4.4782191449632,23.567561670818844,0.34391282021109526,0
15.003108169508888,19.981905421873442,0.28872815902202975,34.83140940906786,0.4124737832031903,1
23.981447595291066,22.834447648703925,7.563126592312105,31.953890352483455,0.15830171911611435,0
3.998971901564654,36.51936788715474,25.867297739115347,33.01376021492197,0.8080873834341381,0
22.187543138069447,19.0650715439674,7.605927101952389,23.06874758757024,0.2596831423331033,0
13.021802505275838,36.1612441467172,33.40129057644512,29.575728756803546,0.4300139422477113,0
23.610777504232885,20.766619701549175,8.229898301766509,29.264487084353526,0.05487619555797796,0
7.118350081222565,34.65600696243789,0.0933313970146854,34.307320839901394,0.5715042261485647,0
14.036229871715186,35.39176110056343,14.915129118714303,31.130800712917676,0.7201604575662824,0
16.94597664852669,24.523601489163884,3.4850620057747954,20.432099328138044,0.8460395980588014,0
21.6381282681528,31.736392703144116,0.2698592086064122,28.62030205962931,0.9233318028552392,0
5.835875503221532,35.12146072175301,25.45433918326436,27.88403166270662,0.16366326742615034,0
19.972343504984874,22.195936726579415,3.084426328922662,33.6413924792709,0.033488023202096096,0
23.209426760459348,29.07741680494013,25.679554606099114,22.578473289213115,0.15443656607055556,0
11.014562743714448,34.76455386765822,31.509185896542313,30.27538509348552,0.2532115493045026,1
15.663081644299876,32.7942642744217,28.55746931980629,24.804361649439283,0.13996319048045036,0
0.012874246415166546,37.83006799889538,7.505522444922655,26.864189010822884,0.7455168248389878,1
11.696616834227807,36.32603510656404,19.171066282521103,33.024102133746965,0.7292006577393437,0
4.378330967674779,37.09348895796773,34.45183105901159,22.708510353887952,0.6913093658687315,1
22.93807139148285,35.877950997456054,31.530397631854477,33.41092777725695,0.7061595036574324,0
10.738824363622598,29.23525080751861,18.471402805851742,19.276396938374738,0.948306352651019,1
23.513429065669772,28.52119778666788,27.313276715566488,28.760376759556987,0.11843809298306673,1
20.663121855348017,28.79473311164152,22.850345077876455,25.111529093899023,0.12760580034724955,0
10.356356334897045,30.55900834187524,16.901506962111025,29.549127758843625,0.7473252570120436,1
19.226854976611946,17.793599849855454,13.390940715077,28.256692081701154,0.1094164252288431,1
13.068830954366717,32.56956336605206,23.977198353184622,30.791239852860883,0.9319547114351661,1
4.489838200011961,35.72115256669011,21.506302234392674,23.31201718364491,0.2212283648377562,0
11.92800677993431,30.972597862780674,26.983406522480056,21.85249646839476,0.37600494277402075,1
3.320298986770016,34.92671434562494,9.723566948864121,21.32646299624348,0.12213518598316142,0
14.170750585364756,35.963067204340156,28.39627630522488,33.119714604350214,0.5027802910865362,0
6.703713050922143,26.824341876392605,5.428599901079771,30.97631154202898,0.3720133380480545,1
1.3578389606929449,36.67666959792862,18.394483820877984,24.641789880137438,0.8004462957355827,0
12.683720588216243,27.51580176651296,9.438996765364836,22.580558503507245,0.45351284647214285,0
3.5743326891887133,37.19841773641442,18.90499655661953,18.103943400292028,0.7589647090981195,0
23.808158916842274,11.476828686389915,5.480253376264392,31.191617913844432,0.23156701248157208,1
15.746858363242936,28.875716821410656,15.316144752314573,30.296643957826372,0.22656728719334962,0
7.67351752279548,35.60329250988158,7.441438397304771,29.182749342471038,0.9786328121261465,0
10.195998244300739,31.200039457523065,6.131612362273631,25.981810938340345,0.7789450619140167,0
13.436514340509182,34.662914158150144,27.176616005864137,29.504920036216944,0.3180345485071455,0
3.7917984387407895,36.18171898951125,11.415146576568011,21.1073865406135,0.43891494745217097,1
0.9006523315465049,36.83981537176805,1.959149362452342,29.764819862612978,0.22590673059594324,1
4.779028018402033,33.9850097768756,24.459540011078417,26.498689015371365,0.6515277761824425,1
10.019961912784266,31.071748499449612,18.617619084486847,33.37121288863767,0.37452158930866364,1
4.298132378927138,33.251271953239055,23.74173721339829,31.794247837258315,0.05994991548718698,1
23.735390122754815,19.646686856572487,15.921793546870799,27.126045395684823,0.11498097237285254,1
3.8599635880191387,36.8071443386108,22.66600458615214,18.964075118828102,0.7150036511722969,1
19.776736577819243,21.590858883823486,18.438934444906835,19.260174807419816,0.17341765007621968,1
3.106970110550943,36.92348870708432,20.404121589525943,22.503178934313013,0.36276008251551384,0
6.121770974479164,36.2191122052196,28.301342614945174,29.469211168300756,0.34571428957562944,0
11.619515428201312,34.301503694844065,31.514048908505522,19.806690035278397,0.05204053600438341,1
11.267918350628571,26.094538390384695,14.050132624800145,22.276267467755527,0.9403321739355958,1
4.114115837089803,34.96520538763226,0.30008265060422035,30.296686369149068,0.3579549513258835,0
4.3284337094897385,35.73695043383734,21.306111882226574,22.98829933197718,0.8609749261212201,1
23.85513771082879,20.838721895837203,14.825952728294098,22.565744989814643,0.9667116046460318,1
3.298980441766461,31.868477334051672,12.616333897490408,18.38656764168354,0.021111024557913027,0
3.691125320354363,37.21322935630093,29.09915141660572,21.212372215313103,0.7943032519929376,0
15.131380410563168,35.97892718200923,29.046248153622116,33.09979137922452,0.40749212722677064,0
6.518536602364195,36.299943359337355,31.72036178860055,32.309828408801486,0.5478855420022505,1
16.596539394931742,31.479749918614377,22.20115819646948,24.036056351771713,0.598643137710934,0
5.050121307353544,35.34352731150751,4.667608831372954,32.36365320869383,0.524673297233937,0
6.474174665011959,34.27088257045053,22.215588042382095,29.433729245906225,0.8829321619778521,1
8.35664539887414,35.673450617517474,22.642472096239548,33.10660413168893,0.6322841829594438,0
20.775657659823285,33.9367060828682,17.489557615288323,34.44028357408361,0.6044620192661999,0
11.733275395326821,32.4866273186193,13.479395136641596,21.621059406690502,0.8151814985574236,0
17.830310291962338,32.11595379740357,7.282240327590271,32.93751802047123,0.9784378610323722,0
9.115210117834746,34.06138230339853,0.8687732636357837,26.76073772100667,0.8891111784385324,0
20.08630727905713,32.358638070180845,9.169821150655624,34.69249438869877,0.5168535018906679,0
14.748115998756145,10.756549368499229,1.9683715077585107,26.363277054660436,0.07449933194868263,1
12.819008052513647,35.87902336158064,34.654627509173615,26.26740011267114,0.7074956745281258,1
4.400153718426148,35.16359858338466,29.919260119412343,21.368713036099198,0.2830266124112596,1
19.085258763926284,32.86210686654808,10.687369926582866,31.93595975454623,0.877490571668663,0
16.44336773967607,22.39270868777095,13.112868273120833,27.220272661637836,0.5236284675265019,1
12.597483837641885,24.66445444277647,16.52723842208603,21.39908049163688,0.48054489996203376,1
3.849517647619762,36.76916305150549,26.62869753931771,22.66056907081289,0.8545860875633007,0
1.5672806167681257,36.54548361581816,24.00411006848022,19.788054318689262,0.5030084431301637,1
5.176060802604322,36.404638211081796,29.171539582830075,25.857966347260444,0.7855642814107521,0
10.740393172446343,25.017369210281046,15.586469575168081,22.457353171555262,0.6738347910746812,1
3.605787244072596,33.725467669474774,3.1911281878541637,34.613126491238106,0.7084669070452644,1
21.336237255352412,22.22211027875924,9.935958201396408,27.943645920051004,0.15940369036859414,0
5.456051386701064,36.553645993102954,31.84990443890126,19.75185039226298,0.49571364311543775,0
0.12635453953340825,36.84132147244849,8.22577571147708,20.23882135941335,0.921162806506209,0
3.540850154588817,37.73746623641261,29.71078878340703,28.511839552101076,0.9028518765271876,0
1.5106563605511942,36.426071240075984,14.81595875767546,25.3530062860181,0.027610436971588603,1
20.780941440016072,21.25235655063223,12.582411410514387,32.202077262497916,0.682413907467902,1
3.1047339152559568,37.12295805028343,13.700000966298408,21.805023621046338,0.45628881968669655,0
1.8153875068152692,36.88086539934088,5.415361635919168,20.569555566776355,0.3349481004510635,1
5.340204419553424,32.802070495154666,14.713967236687825,31.36095210088972,0.17949917704972096,1
13.860147907773035,29.046350393663644,10.008168791279669,33.692427612830656,0.9046854610754116,1
3.19182813044449,36.10923870031119,23.055253913118623,23.13480692996308,0.12294361915668073,1
6.586179495789474,33.679162094947365,22.927244095876343,33.01833185338799,0.528251351453671,1
23.30476427124732,29.45490031503418,23.467372178069926,34.262471203836135,0.926261453955663,1
16.062189974224303,28.04015518512602,9.793966816141776,27.14972186916384,0.41497690226039363,0
5.106134321765686,32.225500359072264,18.461642834142744,22.317100581079515,0.016311612399497744,0
11.938644241897297,27.1910054666129,15.823852367094599,21.644205477071928,0.6211753216348604,1
22.00562670694171,31.10292031558704,29.03465044623846,32.92878550897425,0.10825945616174748,1
19.716095848062324,25.337802835459044,18.561747465084988,31.328125080956127,0.514478706404752,1
13.342955102919394,34.86022116816793,30.935105277183133,30.213464959297745,0.2806041052939868,0
7.7873730777781285,32.650101616730126,19.169236222441047,32.74145463660559,0.6982905231529506,1
13.358372580385991,36.19422094188721,33.0799695534845,31.405585899500007,0.318430744947621,0
6.15071548238052,36.15239697260436,26.778073906092118,23.849541874733134,0.9243859401883758,0
1.5606535563357795,36.858214401346814,31.902714466076024,21.74327922380055,0.6433942349582992,1
19.157506270481356,30.223188094212176,21.457415248734936,33.06238431455191,0.97423908637136,1
16.7379022221523,23.50333738430472,2.230965809505992,34.758283781394496,0.883773868614161,1
11.24720113805337,24.113224905240212,12.631865594330485,27.647645913275223,0.20353935394209866,1
18.861464279437406,35.73260003473181,33.55535967433049,32.209013152393716,0.9761092004886341,1
9.617629824178579,34.511685562487436,4.717418505566283,30.04501027462738,0.9389672326042476,0
16.131614314142436,27.910488001057526,6.763186941817786,25.8968986629443,0.5920735944096621,0
1.6128662661477327,36.485945757269,19.292471142547118,21.81409830449374,0.5860611683423067,0
20.22156312195647,8.33720075406744,2.7210410536252025,20.937292613654556,0.2212323043656762,1
9.945052306374514,33.67167476630709,15.194805074406313,24.21222538134203,0.7173983130147554,0
16.856751699538854,21.143674775568954,13.820290354646735,30.714977232723015,0.3730928980399737,1
8.666206541623342,32.632408740732345,6.556733149253454,24.786416919527355,0.38948913933582907,0
0.7119557087571948,37.72855710476101,21.17799010539126,27.93296749352546,0.8335018320577229,1
21.535356453971584,7.983606712791102,2.7876410824126765,19.828759854865744,0.47732252495512517,1
15.794494486767835,34.08196666818614,2.2027430080036092,32.106693220945814,0.8528819104861417,0
19.3373629940987,31.408238913674314,4.410436511353026,30.37394292378658,0.6135530383754898,0
21.014892879890766,33.014497300163775,11.885763811226452,32.87232938015959,0.5675360599618431,0
10.479511032381406,31.77278450332178,22.86637767715849,24.27888570536279,0.2111423072926225,0
22.260242396923502,17.23377968013831,13.228795931659965,27.54889769839284,0.1516310799159888,1
17.13439198287861,15.897816077353973,3.3514120007283665,23.066241230113647,0.906396220972355,1
19.64206863172466,15.970288371640162,5.520450122522967,22.630755968966966,0.02901501481890112,0
0.6796355219087422,37.57543573136991,14.051729285441601,31.81898983864496,0.6221580627189479,1
10.153614086012917,35.20322838598433,23.685151777106455,34.723915421080946,0.34320371296828633,0
12.69422003706967,32.66606285813496,11.973191865550167,31.16991899726124,0.47604839954040257,0
6.463384130724105,34.44365654644487,31.131505448437032,25.436953101756004,0.2823196762804443,1
0.7253103503268097,36.64056060411387,4.673356781906308,34.90516403134889,0.7384077761134247,1
11.929276129063428,31.039676609998082,25.014513313335453,26.95174654775687,0.3575952480733644,1
21.540888142887642,34.75428909404367,32.787763734827685,18.90263785426424,0.5084289863125326,0
13.246295257542409,33.03096549484603,20.455262129620817,29.959035894690288,0.22560744333555383,0
8.796686532120145,27.19225347132844,3.498376421602518,32.37277897261591,0.17095305261772997,1
9.581755030601435,28.34131233029764,18.14566220567374,33.84908908936615,0.21396871725174094,1
14.820402066214214,28.500566355135394,24.721904593978532,18.67260789134434,0.16964590646321287,1
10.925022539469353,28.133431910827,1.8496113822074511,22.66749145897223,0.6687169334287024,0
5.921619236014017,34.26062794424484,25.21207227286136,32.5531906444972,0.016976740086411035,1
5.274595646548935,33.03343176365605,25.078432320978866,20.292011816616263,0.45441038060927064,1
3.065424589318373,37.399938035355476,14.649166162198723,23.63552394415847,0.20250097793949517,0
2.994635742632677,36.54697752650929,32.871966550430805,28.587569445142698,0.04564063271339669,0
12.953629765414385,22.506209952405737,2.263136263774564,25.991654553014193,0.21158484009284806,0
6.274179988745888,32.588878096609,22.579424702417235,33.07234986006323,0.42487444299527355,1
11.834824386564243,22.57672128840418,5.847201725964763,27.597807459311014,0.8430946037113708,1
8.026249692268054,32.940266358410696,27.965977561988762,18.63906349604006,0.09213262944996614,1
2.314284523250161,37.013635071340985,7.440640386322013,34.139154966026716,0.5177050426436586,0
15.98579842312272,33.20792832781226,29.25141924179637,34.076411783843795,0.4858875594101111,1
11.888726241828525,34.318416648832454,27.72300023983034,33.93148508086086,0.8047588605017699,1
6.896916524384658,34.69910698275061,12.363673629028728,31.361329465913478,0.09532778577668621,0
14.477266901838227,35.18420109510328,28.72018910888134,23.753525385547313,0.6723810111151687,0
22.4844092520857,33.11857314800427,27.823132374679265,27.731828673263305,0.4479055246629572,0
20.285958773342603,31.914706615493746,30.998164657066432,18.839934726936054,0.7336764125978442,1
18.89411205812783,20.559413924041067,6.0504818211944515,32.823687874452006,0.6532986650705433,1
9.062819583095642,35.75038293602794,15.356213342481478,31.748512232738435,0.651281070647135,0
16.460485071293657,19.607456907536854,1.9937342698154426,20.502261858785864,0.5364662857458673,0
